T,D,L,count,quality,cost,model_name
T1,D1,L1,0.0,0.0,0.0,gpt-oss-120b
T1,D1,L2,0.0,0.0,0.0,gpt-oss-120b
T1,D1,L3,0.0,0.0,0.0,gpt-oss-120b
T1,D2,L1,0.0,0.0,0.0,gpt-oss-120b
T1,D2,L2,0.0,0.0,0.0,gpt-oss-120b
T1,D2,L3,0.0,0.0,0.0,gpt-oss-120b
T1,D3,L1,0.0,0.0,0.0,gpt-oss-120b
T1,D3,L2,0.0,0.0,0.0,gpt-oss-120b
T1,D3,L3,0.0,0.0,0.0,gpt-oss-120b
T1,D4,L1,0.0,0.0,0.0,gpt-oss-120b
T1,D4,L2,0.0,0.0,0.0,gpt-oss-120b
T1,D4,L3,0.0,0.0,0.0,gpt-oss-120b
T1,D5,L1,0.0,0.0,0.0,gpt-oss-120b
T1,D5,L2,0.0,0.0,0.0,gpt-oss-120b
T1,D5,L3,0.0,0.0,0.0,gpt-oss-120b
T1,D6,L1,0.0,0.0,0.0,gpt-oss-120b
T1,D6,L2,0.0,0.0,0.0,gpt-oss-120b
T1,D6,L3,0.0,0.0,0.0,gpt-oss-120b
T1,D7,L1,0.0,0.0,0.0,gpt-oss-120b
T1,D7,L2,0.0,0.0,0.0,gpt-oss-120b
T1,D7,L3,0.0,0.0,0.0,gpt-oss-120b
T1,D8,L1,0.0,0.0,0.0,gpt-oss-120b
T1,D8,L2,1.0,0.88,0.0019131750000000002,gpt-oss-120b
T1,D8,L3,0.0,0.0,0.0,gpt-oss-120b
T1,D9,L1,0.0,0.0,0.0,gpt-oss-120b
T1,D9,L2,0.5,0.485,0.0007283925,gpt-oss-120b
T1,D9,L3,0.0,0.0,0.0,gpt-oss-120b
T1,D10,L1,0.0,0.0,0.0,gpt-oss-120b
T1,D10,L2,0.0,0.0,0.0,gpt-oss-120b
T1,D10,L3,0.0,0.0,0.0,gpt-oss-120b
T2,D1,L1,0.0,0.0,0.0,gpt-oss-120b
T2,D1,L2,0.0,0.0,0.0,gpt-oss-120b
T2,D1,L3,0.0,0.0,0.0,gpt-oss-120b
T2,D2,L1,0.0,0.0,0.0,gpt-oss-120b
T2,D2,L2,9.5,7.965,0.00943767,gpt-oss-120b
T2,D2,L3,0.0,0.0,0.0,gpt-oss-120b
T2,D3,L1,0.0,0.0,0.0,gpt-oss-120b
T2,D3,L2,0.0,0.0,0.0,gpt-oss-120b
T2,D3,L3,0.0,0.0,0.0,gpt-oss-120b
T2,D4,L1,0.0,0.0,0.0,gpt-oss-120b
T2,D4,L2,0.0,0.0,0.0,gpt-oss-120b
T2,D4,L3,0.0,0.0,0.0,gpt-oss-120b
T2,D5,L1,0.0,0.0,0.0,gpt-oss-120b
T2,D5,L2,0.0,0.0,0.0,gpt-oss-120b
T2,D5,L3,0.0,0.0,0.0,gpt-oss-120b
T2,D6,L1,0.0,0.0,0.0,gpt-oss-120b
T2,D6,L2,0.0,0.0,0.0,gpt-oss-120b
T2,D6,L3,0.0,0.0,0.0,gpt-oss-120b
T2,D7,L1,0.5,0.255,0.000457215,gpt-oss-120b
T2,D7,L2,1.5,1.285,0.001695705,gpt-oss-120b
T2,D7,L3,0.0,0.0,0.0,gpt-oss-120b
T2,D8,L1,1.5,0.905,0.001115235,gpt-oss-120b
T2,D8,L2,12.0,9.879999999999999,0.01253967,gpt-oss-120b
T2,D8,L3,0.0,0.0,0.0,gpt-oss-120b
T2,D9,L1,0.0,0.0,0.0,gpt-oss-120b
T2,D9,L2,4.0,3.14,0.002144835,gpt-oss-120b
T2,D9,L3,0.0,0.0,0.0,gpt-oss-120b
T2,D10,L1,0.0,0.0,0.0,gpt-oss-120b
T2,D10,L2,0.0,0.0,0.0,gpt-oss-120b
T2,D10,L3,0.0,0.0,0.0,gpt-oss-120b
T3,D1,L1,12.083333333333332,11.788333333333332,0.005443570000000001,gpt-oss-120b
T3,D1,L2,18.583333333333332,17.540000000000006,0.01198571,gpt-oss-120b
T3,D1,L3,0.3333333333333333,0.29,0.000566115,gpt-oss-120b
T3,D2,L1,13.583333333333332,12.85833333333333,0.007143482500000001,gpt-oss-120b
T3,D2,L2,22.083333333333332,20.464999999999996,0.015521412500000002,gpt-oss-120b
T3,D2,L3,0.3333333333333333,0.29,0.000566115,gpt-oss-120b
T3,D3,L1,0.0,0.0,0.0,gpt-oss-120b
T3,D3,L2,0.0,0.0,0.0,gpt-oss-120b
T3,D3,L3,0.0,0.0,0.0,gpt-oss-120b
T3,D4,L1,0.0,0.0,0.0,gpt-oss-120b
T3,D4,L2,0.5,0.485,0.00023867250000000003,gpt-oss-120b
T3,D4,L3,0.0,0.0,0.0,gpt-oss-120b
T3,D5,L1,0.0,0.0,0.0,gpt-oss-120b
T3,D5,L2,0.0,0.0,0.0,gpt-oss-120b
T3,D5,L3,0.0,0.0,0.0,gpt-oss-120b
T3,D6,L1,0.0,0.0,0.0,gpt-oss-120b
T3,D6,L2,0.0,0.0,0.0,gpt-oss-120b
T3,D6,L3,0.0,0.0,0.0,gpt-oss-120b
T3,D7,L1,0.0,0.0,0.0,gpt-oss-120b
T3,D7,L2,0.0,0.0,0.0,gpt-oss-120b
T3,D7,L3,0.0,0.0,0.0,gpt-oss-120b
T3,D8,L1,0.0,0.0,0.0,gpt-oss-120b
T3,D8,L2,1.0,0.88,0.0005134800000000001,gpt-oss-120b
T3,D8,L3,0.3333333333333333,0.29,0.000566115,gpt-oss-120b
T3,D9,L1,0.8333333333333333,0.7933333333333333,0.0004184125,gpt-oss-120b
T3,D9,L2,0.3333333333333333,0.31,0.00042614,gpt-oss-120b
T3,D9,L3,0.0,0.0,0.0,gpt-oss-120b
T3,D10,L1,0.0,0.0,0.0,gpt-oss-120b
T3,D10,L2,0.0,0.0,0.0,gpt-oss-120b
T3,D10,L3,0.0,0.0,0.0,gpt-oss-120b
T4,D1,L1,0.0,0.0,0.0,gpt-oss-120b
T4,D1,L2,0.0,0.0,0.0,gpt-oss-120b
T4,D1,L3,0.0,0.0,0.0,gpt-oss-120b
T4,D2,L1,0.0,0.0,0.0,gpt-oss-120b
T4,D2,L2,0.0,0.0,0.0,gpt-oss-120b
T4,D2,L3,0.0,0.0,0.0,gpt-oss-120b
T4,D3,L1,0.0,0.0,0.0,gpt-oss-120b
T4,D3,L2,0.0,0.0,0.0,gpt-oss-120b
T4,D3,L3,0.0,0.0,0.0,gpt-oss-120b
T4,D4,L1,0.0,0.0,0.0,gpt-oss-120b
T4,D4,L2,0.0,0.0,0.0,gpt-oss-120b
T4,D4,L3,0.0,0.0,0.0,gpt-oss-120b
T4,D5,L1,0.0,0.0,0.0,gpt-oss-120b
T4,D5,L2,0.0,0.0,0.0,gpt-oss-120b
T4,D5,L3,0.0,0.0,0.0,gpt-oss-120b
T4,D6,L1,0.0,0.0,0.0,gpt-oss-120b
T4,D6,L2,0.0,0.0,0.0,gpt-oss-120b
T4,D6,L3,0.0,0.0,0.0,gpt-oss-120b
T4,D7,L1,0.0,0.0,0.0,gpt-oss-120b
T4,D7,L2,0.0,0.0,0.0,gpt-oss-120b
T4,D7,L3,0.0,0.0,0.0,gpt-oss-120b
T4,D8,L1,0.0,0.0,0.0,gpt-oss-120b
T4,D8,L2,0.0,0.0,0.0,gpt-oss-120b
T4,D8,L3,0.0,0.0,0.0,gpt-oss-120b
T4,D9,L1,0.0,0.0,0.0,gpt-oss-120b
T4,D9,L2,0.0,0.0,0.0,gpt-oss-120b
T4,D9,L3,0.0,0.0,0.0,gpt-oss-120b
T4,D10,L1,0.0,0.0,0.0,gpt-oss-120b
T4,D10,L2,0.0,0.0,0.0,gpt-oss-120b
T4,D10,L3,0.0,0.0,0.0,gpt-oss-120b
T5,D1,L1,0.0,0.0,0.0,gpt-oss-120b
T5,D1,L2,0.0,0.0,0.0,gpt-oss-120b
T5,D1,L3,0.0,0.0,0.0,gpt-oss-120b
T5,D2,L1,0.0,0.0,0.0,gpt-oss-120b
T5,D2,L2,0.0,0.0,0.0,gpt-oss-120b
T5,D2,L3,0.0,0.0,0.0,gpt-oss-120b
T5,D3,L1,0.0,0.0,0.0,gpt-oss-120b
T5,D3,L2,0.0,0.0,0.0,gpt-oss-120b
T5,D3,L3,0.0,0.0,0.0,gpt-oss-120b
T5,D4,L1,0.0,0.0,0.0,gpt-oss-120b
T5,D4,L2,0.0,0.0,0.0,gpt-oss-120b
T5,D4,L3,0.0,0.0,0.0,gpt-oss-120b
T5,D5,L1,1.0,0.71,0.00041695500000000005,gpt-oss-120b
T5,D5,L2,0.0,0.0,0.0,gpt-oss-120b
T5,D5,L3,0.0,0.0,0.0,gpt-oss-120b
T5,D6,L1,0.0,0.0,0.0,gpt-oss-120b
T5,D6,L2,0.0,0.0,0.0,gpt-oss-120b
T5,D6,L3,0.0,0.0,0.0,gpt-oss-120b
T5,D7,L1,0.0,0.0,0.0,gpt-oss-120b
T5,D7,L2,0.0,0.0,0.0,gpt-oss-120b
T5,D7,L3,0.0,0.0,0.0,gpt-oss-120b
T5,D8,L1,0.0,0.0,0.0,gpt-oss-120b
T5,D8,L2,0.0,0.0,0.0,gpt-oss-120b
T5,D8,L3,0.0,0.0,0.0,gpt-oss-120b
T5,D9,L1,0.0,0.0,0.0,gpt-oss-120b
T5,D9,L2,0.0,0.0,0.0,gpt-oss-120b
T5,D9,L3,0.0,0.0,0.0,gpt-oss-120b
T5,D10,L1,0.0,0.0,0.0,gpt-oss-120b
T5,D10,L2,0.0,0.0,0.0,gpt-oss-120b
T5,D10,L3,0.0,0.0,0.0,gpt-oss-120b
T6,D1,L1,0.0,0.0,0.0,gpt-oss-120b
T6,D1,L2,0.0,0.0,0.0,gpt-oss-120b
T6,D1,L3,0.0,0.0,0.0,gpt-oss-120b
T6,D2,L1,0.0,0.0,0.0,gpt-oss-120b
T6,D2,L2,0.0,0.0,0.0,gpt-oss-120b
T6,D2,L3,0.0,0.0,0.0,gpt-oss-120b
T6,D3,L1,0.0,0.0,0.0,gpt-oss-120b
T6,D3,L2,0.0,0.0,0.0,gpt-oss-120b
T6,D3,L3,0.0,0.0,0.0,gpt-oss-120b
T6,D4,L1,0.0,0.0,0.0,gpt-oss-120b
T6,D4,L2,0.0,0.0,0.0,gpt-oss-120b
T6,D4,L3,0.0,0.0,0.0,gpt-oss-120b
T6,D5,L1,0.0,0.0,0.0,gpt-oss-120b
T6,D5,L2,0.0,0.0,0.0,gpt-oss-120b
T6,D5,L3,0.0,0.0,0.0,gpt-oss-120b
T6,D6,L1,0.0,0.0,0.0,gpt-oss-120b
T6,D6,L2,0.0,0.0,0.0,gpt-oss-120b
T6,D6,L3,0.0,0.0,0.0,gpt-oss-120b
T6,D7,L1,0.0,0.0,0.0,gpt-oss-120b
T6,D7,L2,0.0,0.0,0.0,gpt-oss-120b
T6,D7,L3,0.0,0.0,0.0,gpt-oss-120b
T6,D8,L1,0.0,0.0,0.0,gpt-oss-120b
T6,D8,L2,0.0,0.0,0.0,gpt-oss-120b
T6,D8,L3,0.0,0.0,0.0,gpt-oss-120b
T6,D9,L1,0.0,0.0,0.0,gpt-oss-120b
T6,D9,L2,0.0,0.0,0.0,gpt-oss-120b
T6,D9,L3,0.0,0.0,0.0,gpt-oss-120b
T6,D10,L1,0.0,0.0,0.0,gpt-oss-120b
T6,D10,L2,0.0,0.0,0.0,gpt-oss-120b
T6,D10,L3,0.0,0.0,0.0,gpt-oss-120b
T7,D1,L1,0.0,0.0,0.0,gpt-oss-120b
T7,D1,L2,0.0,0.0,0.0,gpt-oss-120b
T7,D1,L3,0.0,0.0,0.0,gpt-oss-120b
T7,D2,L1,0.0,0.0,0.0,gpt-oss-120b
T7,D2,L2,0.0,0.0,0.0,gpt-oss-120b
T7,D2,L3,0.0,0.0,0.0,gpt-oss-120b
T7,D3,L1,0.0,0.0,0.0,gpt-oss-120b
T7,D3,L2,0.0,0.0,0.0,gpt-oss-120b
T7,D3,L3,0.5,0.415,0.0003797475,gpt-oss-120b
T7,D4,L1,0.0,0.0,0.0,gpt-oss-120b
T7,D4,L2,0.0,0.0,0.0,gpt-oss-120b
T7,D4,L3,0.0,0.0,0.0,gpt-oss-120b
T7,D5,L1,0.0,0.0,0.0,gpt-oss-120b
T7,D5,L2,0.0,0.0,0.0,gpt-oss-120b
T7,D5,L3,0.0,0.0,0.0,gpt-oss-120b
T7,D6,L1,0.0,0.0,0.0,gpt-oss-120b
T7,D6,L2,0.0,0.0,0.0,gpt-oss-120b
T7,D6,L3,0.0,0.0,0.0,gpt-oss-120b
T7,D7,L1,0.0,0.0,0.0,gpt-oss-120b
T7,D7,L2,0.0,0.0,0.0,gpt-oss-120b
T7,D7,L3,0.0,0.0,0.0,gpt-oss-120b
T7,D8,L1,0.0,0.0,0.0,gpt-oss-120b
T7,D8,L2,1.0,0.86,0.000978615,gpt-oss-120b
T7,D8,L3,0.5,0.415,0.0003797475,gpt-oss-120b
T7,D9,L1,2.0,1.4,0.0024175800000000003,gpt-oss-120b
T7,D9,L2,0.0,0.0,0.0,gpt-oss-120b
T7,D9,L3,0.0,0.0,0.0,gpt-oss-120b
T7,D10,L1,0.0,0.0,0.0,gpt-oss-120b
T7,D10,L2,0.0,0.0,0.0,gpt-oss-120b
T7,D10,L3,0.0,0.0,0.0,gpt-oss-120b
T8,D1,L1,0.0,0.0,0.0,gpt-oss-120b
T8,D1,L2,0.0,0.0,0.0,gpt-oss-120b
T8,D1,L3,0.0,0.0,0.0,gpt-oss-120b
T8,D2,L1,0.5,0.445,0.0007595775000000001,gpt-oss-120b
T8,D2,L2,37.0,32.637499999999996,0.040274478750000016,gpt-oss-120b
T8,D2,L3,39.0,34.2625,0.04246134750000001,gpt-oss-120b
T8,D3,L1,0.0,0.0,0.0,gpt-oss-120b
T8,D3,L2,3.75,3.245,0.0034251525,gpt-oss-120b
T8,D3,L3,2.25,2.0675,0.0031577700000000003,gpt-oss-120b
T8,D4,L1,0.0,0.0,0.0,gpt-oss-120b
T8,D4,L2,0.25,0.245,0.00039699,gpt-oss-120b
T8,D4,L3,0.3333333333333333,0.24,0.000317295,gpt-oss-120b
T8,D5,L1,0.0,0.0,0.0,gpt-oss-120b
T8,D5,L2,6.5,5.835,0.006359636250000001,gpt-oss-120b
T8,D5,L3,6.25,5.535000000000001,0.00907731,gpt-oss-120b
T8,D6,L1,0.0,0.0,0.0,gpt-oss-120b
T8,D6,L2,3.5,3.1300000000000003,0.004458465,gpt-oss-120b
T8,D6,L3,4.083333333333334,3.5974999999999997,0.006571743750000001,gpt-oss-120b
T8,D7,L1,0.0,0.0,0.0,gpt-oss-120b
T8,D7,L2,2.5,2.15,0.0032901825,gpt-oss-120b
T8,D7,L3,5.25,4.7700000000000005,0.00892579875,gpt-oss-120b
T8,D8,L1,0.0,0.0,0.0,gpt-oss-120b
T8,D8,L2,17.5,15.63,0.021586620000000004,gpt-oss-120b
T8,D8,L3,32.833333333333336,28.837500000000002,0.048477330000000006,gpt-oss-120b
T8,D9,L1,4.5,4.175,0.0060998025,gpt-oss-120b
T8,D9,L2,24.5,22.402499999999996,0.033228194999999995,gpt-oss-120b
T8,D9,L3,16.5,14.540000000000001,0.025669792499999993,gpt-oss-120b
T8,D10,L1,0.0,0.0,0.0,gpt-oss-120b
T8,D10,L2,0.0,0.0,0.0,gpt-oss-120b
T8,D10,L3,0.0,0.0,0.0,gpt-oss-120b
T9,D1,L1,0.0,0.0,0.0,gpt-oss-120b
T9,D1,L2,0.0,0.0,0.0,gpt-oss-120b
T9,D1,L3,0.0,0.0,0.0,gpt-oss-120b
T9,D2,L1,0.5,0.36,0.000728805,gpt-oss-120b
T9,D2,L2,0.0,0.0,0.0,gpt-oss-120b
T9,D2,L3,0.0,0.0,0.0,gpt-oss-120b
T9,D3,L1,0.0,0.0,0.0,gpt-oss-120b
T9,D3,L2,0.0,0.0,0.0,gpt-oss-120b
T9,D3,L3,0.0,0.0,0.0,gpt-oss-120b
T9,D4,L1,0.0,0.0,0.0,gpt-oss-120b
T9,D4,L2,0.0,0.0,0.0,gpt-oss-120b
T9,D4,L3,0.0,0.0,0.0,gpt-oss-120b
T9,D5,L1,0.0,0.0,0.0,gpt-oss-120b
T9,D5,L2,0.0,0.0,0.0,gpt-oss-120b
T9,D5,L3,0.0,0.0,0.0,gpt-oss-120b
T9,D6,L1,0.0,0.0,0.0,gpt-oss-120b
T9,D6,L2,0.0,0.0,0.0,gpt-oss-120b
T9,D6,L3,0.0,0.0,0.0,gpt-oss-120b
T9,D7,L1,0.0,0.0,0.0,gpt-oss-120b
T9,D7,L2,0.0,0.0,0.0,gpt-oss-120b
T9,D7,L3,0.0,0.0,0.0,gpt-oss-120b
T9,D8,L1,1.5,1.0899999999999999,0.00202521,gpt-oss-120b
T9,D8,L2,0.0,0.0,0.0,gpt-oss-120b
T9,D8,L3,0.0,0.0,0.0,gpt-oss-120b
T9,D9,L1,1.0,0.94,0.00014652,gpt-oss-120b
T9,D9,L2,0.0,0.0,0.0,gpt-oss-120b
T9,D9,L3,0.0,0.0,0.0,gpt-oss-120b
T9,D10,L1,0.0,0.0,0.0,gpt-oss-120b
T9,D10,L2,0.0,0.0,0.0,gpt-oss-120b
T9,D10,L3,0.0,0.0,0.0,gpt-oss-120b
T10,D1,L1,0.25,0.245,3.4320000000000003e-05,gpt-oss-120b
T10,D1,L2,0.75,0.44000000000000006,0.00045515250000000007,gpt-oss-120b
T10,D1,L3,0.0,0.0,0.0,gpt-oss-120b
T10,D2,L1,22.75,15.885,0.0144412125,gpt-oss-120b
T10,D2,L2,116.41666666666667,86.47416666666663,0.08294391875,gpt-oss-120b
T10,D2,L3,8.5,5.717499999999999,0.0058768875000000005,gpt-oss-120b
T10,D3,L1,0.5,0.31,0.00012936,gpt-oss-120b
T10,D3,L2,10.25,6.995,0.008312865000000001,gpt-oss-120b
T10,D3,L3,0.25,0.2125,0.00036283500000000005,gpt-oss-120b
T10,D4,L1,0.0,0.0,0.0,gpt-oss-120b
T10,D4,L2,1.25,0.7749999999999999,0.0008920725,gpt-oss-120b
T10,D4,L3,0.0,0.0,0.0,gpt-oss-120b
T10,D5,L1,2.0,1.6500000000000001,0.0017142675000000002,gpt-oss-120b
T10,D5,L2,15.166666666666666,11.771666666666663,0.013577836249999998,gpt-oss-120b
T10,D5,L3,0.75,0.645,0.0007277325,gpt-oss-120b
T10,D6,L1,2.0,1.6400000000000001,0.000611655,gpt-oss-120b
T10,D6,L2,8.166666666666666,6.171666666666668,0.006435357500000001,gpt-oss-120b
T10,D6,L3,0.75,0.5425,0.0008451712500000001,gpt-oss-120b
T10,D7,L1,0.0,0.0,0.0,gpt-oss-120b
T10,D7,L2,3.0,2.455,0.00561594,gpt-oss-120b
T10,D7,L3,0.75,0.64,0.0017740387500000002,gpt-oss-120b
T10,D8,L1,17.0,12.235000000000001,0.011567985000000003,gpt-oss-120b
T10,D8,L2,39.0,28.435000000000006,0.044790075000000006,gpt-oss-120b
T10,D8,L3,4.5,3.0324999999999998,0.007595692500000001,gpt-oss-120b
T10,D9,L1,32.0,23.265000000000004,0.03642969,gpt-oss-120b
T10,D9,L2,23.0,17.967500000000005,0.031904400000000006,gpt-oss-120b
T10,D9,L3,0.0,0.0,0.0,gpt-oss-120b
T10,D10,L1,0.0,0.0,0.0,gpt-oss-120b
T10,D10,L2,0.0,0.0,0.0,gpt-oss-120b
T10,D10,L3,0.0,0.0,0.0,gpt-oss-120b
T11,D1,L1,0.0,0.0,0.0,gpt-oss-120b
T11,D1,L2,0.0,0.0,0.0,gpt-oss-120b
T11,D1,L3,0.0,0.0,0.0,gpt-oss-120b
T11,D2,L1,0.0,0.0,0.0,gpt-oss-120b
T11,D2,L2,0.0,0.0,0.0,gpt-oss-120b
T11,D2,L3,0.0,0.0,0.0,gpt-oss-120b
T11,D3,L1,0.0,0.0,0.0,gpt-oss-120b
T11,D3,L2,0.5,0.5,9.6525e-05,gpt-oss-120b
T11,D3,L3,0.0,0.0,0.0,gpt-oss-120b
T11,D4,L1,2.0,1.97,0.0013713150000000001,gpt-oss-120b
T11,D4,L2,0.5,0.445,0.00058674,gpt-oss-120b
T11,D4,L3,0.0,0.0,0.0,gpt-oss-120b
T11,D5,L1,2.833333333333333,2.5999999999999996,0.0010039150000000002,gpt-oss-120b
T11,D5,L2,0.5,0.5,9.6525e-05,gpt-oss-120b
T11,D5,L3,0.0,0.0,0.0,gpt-oss-120b
T11,D6,L1,0.5,0.48,8.0355e-05,gpt-oss-120b
T11,D6,L2,0.0,0.0,0.0,gpt-oss-120b
T11,D6,L3,0.5,0.465,0.00076131,gpt-oss-120b
T11,D7,L1,1.0,0.925,0.001365705,gpt-oss-120b
T11,D7,L2,2.5,2.2,0.0036200175000000003,gpt-oss-120b
T11,D7,L3,0.0,0.0,0.0,gpt-oss-120b
T11,D8,L1,41.833333333333336,33.51,0.026399724999999992,gpt-oss-120b
T11,D8,L2,9.5,8.29,0.0086820525,gpt-oss-120b
T11,D8,L3,5.0,4.26,0.004654815,gpt-oss-120b
T11,D9,L1,1.8333333333333333,1.605,0.002151655,gpt-oss-120b
T11,D9,L2,0.0,0.0,0.0,gpt-oss-120b
T11,D9,L3,0.5,0.465,0.00076131,gpt-oss-120b
T11,D10,L1,0.0,0.0,0.0,gpt-oss-120b
T11,D10,L2,0.0,0.0,0.0,gpt-oss-120b
T11,D10,L3,0.0,0.0,0.0,gpt-oss-120b
T12,D1,L1,0.0,0.0,0.0,gpt-oss-120b
T12,D1,L2,0.0,0.0,0.0,gpt-oss-120b
T12,D1,L3,0.0,0.0,0.0,gpt-oss-120b
T12,D2,L1,1.0,0.88,0.000816915,gpt-oss-120b
T12,D2,L2,0.0,0.0,0.0,gpt-oss-120b
T12,D2,L3,0.0,0.0,0.0,gpt-oss-120b
T12,D3,L1,0.0,0.0,0.0,gpt-oss-120b
T12,D3,L2,0.0,0.0,0.0,gpt-oss-120b
T12,D3,L3,0.0,0.0,0.0,gpt-oss-120b
T12,D4,L1,0.0,0.0,0.0,gpt-oss-120b
T12,D4,L2,0.0,0.0,0.0,gpt-oss-120b
T12,D4,L3,0.0,0.0,0.0,gpt-oss-120b
T12,D5,L1,0.0,0.0,0.0,gpt-oss-120b
T12,D5,L2,0.0,0.0,0.0,gpt-oss-120b
T12,D5,L3,0.0,0.0,0.0,gpt-oss-120b
T12,D6,L1,0.0,0.0,0.0,gpt-oss-120b
T12,D6,L2,0.0,0.0,0.0,gpt-oss-120b
T12,D6,L3,0.0,0.0,0.0,gpt-oss-120b
T12,D7,L1,0.0,0.0,0.0,gpt-oss-120b
T12,D7,L2,0.0,0.0,0.0,gpt-oss-120b
T12,D7,L3,0.0,0.0,0.0,gpt-oss-120b
T12,D8,L1,0.0,0.0,0.0,gpt-oss-120b
T12,D8,L2,0.0,0.0,0.0,gpt-oss-120b
T12,D8,L3,0.0,0.0,0.0,gpt-oss-120b
T12,D9,L1,1.0,0.92,0.000226545,gpt-oss-120b
T12,D9,L2,0.0,0.0,0.0,gpt-oss-120b
T12,D9,L3,0.0,0.0,0.0,gpt-oss-120b
T12,D10,L1,2.0,1.66,0.00026334,gpt-oss-120b
T12,D10,L2,0.0,0.0,0.0,gpt-oss-120b
T12,D10,L3,0.0,0.0,0.0,gpt-oss-120b
T1,D1,L1,0.0,0.0,0.0,sota-k
T1,D1,L2,0.0,0.0,0.0,sota-k
T1,D1,L3,0.0,0.0,0.0,sota-k
T1,D2,L1,0.0,0.0,0.0,sota-k
T1,D2,L2,0.0,0.0,0.0,sota-k
T1,D2,L3,0.0,0.0,0.0,sota-k
T1,D3,L1,0.0,0.0,0.0,sota-k
T1,D3,L2,0.0,0.0,0.0,sota-k
T1,D3,L3,0.0,0.0,0.0,sota-k
T1,D4,L1,0.0,0.0,0.0,sota-k
T1,D4,L2,0.0,0.0,0.0,sota-k
T1,D4,L3,0.0,0.0,0.0,sota-k
T1,D5,L1,0.0,0.0,0.0,sota-k
T1,D5,L2,0.0,0.0,0.0,sota-k
T1,D5,L3,0.0,0.0,0.0,sota-k
T1,D6,L1,0.0,0.0,0.0,sota-k
T1,D6,L2,0.0,0.0,0.0,sota-k
T1,D6,L3,0.0,0.0,0.0,sota-k
T1,D7,L1,0.0,0.0,0.0,sota-k
T1,D7,L2,0.0,0.0,0.0,sota-k
T1,D7,L3,0.0,0.0,0.0,sota-k
T1,D8,L1,0.0,0.0,0.0,sota-k
T1,D8,L2,1.0,0.87,0.0033439999999999998,sota-k
T1,D8,L3,0.0,0.0,0.0,sota-k
T1,D9,L1,0.0,0.0,0.0,sota-k
T1,D9,L2,0.5,0.46,0.001707,sota-k
T1,D9,L3,0.0,0.0,0.0,sota-k
T1,D10,L1,0.0,0.0,0.0,sota-k
T1,D10,L2,0.0,0.0,0.0,sota-k
T1,D10,L3,0.0,0.0,0.0,sota-k
T2,D1,L1,0.0,0.0,0.0,sota-k
T2,D1,L2,0.0,0.0,0.0,sota-k
T2,D1,L3,0.0,0.0,0.0,sota-k
T2,D2,L1,0.0,0.0,0.0,sota-k
T2,D2,L2,9.5,7.3950000000000005,0.022469500000000003,sota-k
T2,D2,L3,0.0,0.0,0.0,sota-k
T2,D3,L1,0.0,0.0,0.0,sota-k
T2,D3,L2,0.0,0.0,0.0,sota-k
T2,D3,L3,0.0,0.0,0.0,sota-k
T2,D4,L1,0.0,0.0,0.0,sota-k
T2,D4,L2,0.0,0.0,0.0,sota-k
T2,D4,L3,0.0,0.0,0.0,sota-k
T2,D5,L1,0.0,0.0,0.0,sota-k
T2,D5,L2,0.0,0.0,0.0,sota-k
T2,D5,L3,0.0,0.0,0.0,sota-k
T2,D6,L1,0.0,0.0,0.0,sota-k
T2,D6,L2,0.0,0.0,0.0,sota-k
T2,D6,L3,0.0,0.0,0.0,sota-k
T2,D7,L1,0.5,0.405,0.0006515,sota-k
T2,D7,L2,1.5,1.27,0.0041785,sota-k
T2,D7,L3,0.0,0.0,0.0,sota-k
T2,D8,L1,1.5,1.155,0.0032085000000000004,sota-k
T2,D8,L2,12.0,9.325000000000001,0.029807999999999998,sota-k
T2,D8,L3,0.0,0.0,0.0,sota-k
T2,D9,L1,0.0,0.0,0.0,sota-k
T2,D9,L2,4.0,3.09,0.009167,sota-k
T2,D9,L3,0.0,0.0,0.0,sota-k
T2,D10,L1,0.0,0.0,0.0,sota-k
T2,D10,L2,0.0,0.0,0.0,sota-k
T2,D10,L3,0.0,0.0,0.0,sota-k
T3,D1,L1,12.083333333333332,11.748333333333333,0.020977750000000003,sota-k
T3,D1,L2,18.583333333333332,17.12166666666667,0.04405891666666667,sota-k
T3,D1,L3,0.3333333333333333,0.3133333333333333,0.0008939999999999999,sota-k
T3,D2,L1,13.583333333333332,12.843333333333332,0.02523175,sota-k
T3,D2,L2,22.083333333333332,20.086666666666662,0.05203891666666668,sota-k
T3,D2,L3,0.3333333333333333,0.3133333333333333,0.0008939999999999999,sota-k
T3,D3,L1,0.0,0.0,0.0,sota-k
T3,D3,L2,0.0,0.0,0.0,sota-k
T3,D3,L3,0.0,0.0,0.0,sota-k
T3,D4,L1,0.0,0.0,0.0,sota-k
T3,D4,L2,0.5,0.355,0.0006069999999999999,sota-k
T3,D4,L3,0.0,0.0,0.0,sota-k
T3,D5,L1,0.0,0.0,0.0,sota-k
T3,D5,L2,0.0,0.0,0.0,sota-k
T3,D5,L3,0.0,0.0,0.0,sota-k
T3,D6,L1,0.0,0.0,0.0,sota-k
T3,D6,L2,0.0,0.0,0.0,sota-k
T3,D6,L3,0.0,0.0,0.0,sota-k
T3,D7,L1,0.0,0.0,0.0,sota-k
T3,D7,L2,0.0,0.0,0.0,sota-k
T3,D7,L3,0.0,0.0,0.0,sota-k
T3,D8,L1,0.0,0.0,0.0,sota-k
T3,D8,L2,1.0,0.84,0.0017850000000000001,sota-k
T3,D8,L3,0.3333333333333333,0.3133333333333333,0.0008939999999999999,sota-k
T3,D9,L1,0.8333333333333333,0.8133333333333332,0.001584,sota-k
T3,D9,L2,0.3333333333333333,0.2866666666666666,0.0010536666666666667,sota-k
T3,D9,L3,0.0,0.0,0.0,sota-k
T3,D10,L1,0.0,0.0,0.0,sota-k
T3,D10,L2,0.0,0.0,0.0,sota-k
T3,D10,L3,0.0,0.0,0.0,sota-k
T4,D1,L1,0.0,0.0,0.0,sota-k
T4,D1,L2,0.0,0.0,0.0,sota-k
T4,D1,L3,0.0,0.0,0.0,sota-k
T4,D2,L1,0.0,0.0,0.0,sota-k
T4,D2,L2,0.0,0.0,0.0,sota-k
T4,D2,L3,0.0,0.0,0.0,sota-k
T4,D3,L1,0.0,0.0,0.0,sota-k
T4,D3,L2,0.0,0.0,0.0,sota-k
T4,D3,L3,0.0,0.0,0.0,sota-k
T4,D4,L1,0.0,0.0,0.0,sota-k
T4,D4,L2,0.0,0.0,0.0,sota-k
T4,D4,L3,0.0,0.0,0.0,sota-k
T4,D5,L1,0.0,0.0,0.0,sota-k
T4,D5,L2,0.0,0.0,0.0,sota-k
T4,D5,L3,0.0,0.0,0.0,sota-k
T4,D6,L1,0.0,0.0,0.0,sota-k
T4,D6,L2,0.0,0.0,0.0,sota-k
T4,D6,L3,0.0,0.0,0.0,sota-k
T4,D7,L1,0.0,0.0,0.0,sota-k
T4,D7,L2,0.0,0.0,0.0,sota-k
T4,D7,L3,0.0,0.0,0.0,sota-k
T4,D8,L1,0.0,0.0,0.0,sota-k
T4,D8,L2,0.0,0.0,0.0,sota-k
T4,D8,L3,0.0,0.0,0.0,sota-k
T4,D9,L1,0.0,0.0,0.0,sota-k
T4,D9,L2,0.0,0.0,0.0,sota-k
T4,D9,L3,0.0,0.0,0.0,sota-k
T4,D10,L1,0.0,0.0,0.0,sota-k
T4,D10,L2,0.0,0.0,0.0,sota-k
T4,D10,L3,0.0,0.0,0.0,sota-k
T5,D1,L1,0.0,0.0,0.0,sota-k
T5,D1,L2,0.0,0.0,0.0,sota-k
T5,D1,L3,0.0,0.0,0.0,sota-k
T5,D2,L1,0.0,0.0,0.0,sota-k
T5,D2,L2,0.0,0.0,0.0,sota-k
T5,D2,L3,0.0,0.0,0.0,sota-k
T5,D3,L1,0.0,0.0,0.0,sota-k
T5,D3,L2,0.0,0.0,0.0,sota-k
T5,D3,L3,0.0,0.0,0.0,sota-k
T5,D4,L1,0.0,0.0,0.0,sota-k
T5,D4,L2,0.0,0.0,0.0,sota-k
T5,D4,L3,0.0,0.0,0.0,sota-k
T5,D5,L1,1.0,0.6,0.0008159999999999999,sota-k
T5,D5,L2,0.0,0.0,0.0,sota-k
T5,D5,L3,0.0,0.0,0.0,sota-k
T5,D6,L1,0.0,0.0,0.0,sota-k
T5,D6,L2,0.0,0.0,0.0,sota-k
T5,D6,L3,0.0,0.0,0.0,sota-k
T5,D7,L1,0.0,0.0,0.0,sota-k
T5,D7,L2,0.0,0.0,0.0,sota-k
T5,D7,L3,0.0,0.0,0.0,sota-k
T5,D8,L1,0.0,0.0,0.0,sota-k
T5,D8,L2,0.0,0.0,0.0,sota-k
T5,D8,L3,0.0,0.0,0.0,sota-k
T5,D9,L1,0.0,0.0,0.0,sota-k
T5,D9,L2,0.0,0.0,0.0,sota-k
T5,D9,L3,0.0,0.0,0.0,sota-k
T5,D10,L1,0.0,0.0,0.0,sota-k
T5,D10,L2,0.0,0.0,0.0,sota-k
T5,D10,L3,0.0,0.0,0.0,sota-k
T6,D1,L1,0.0,0.0,0.0,sota-k
T6,D1,L2,0.0,0.0,0.0,sota-k
T6,D1,L3,0.0,0.0,0.0,sota-k
T6,D2,L1,0.0,0.0,0.0,sota-k
T6,D2,L2,0.0,0.0,0.0,sota-k
T6,D2,L3,0.0,0.0,0.0,sota-k
T6,D3,L1,0.0,0.0,0.0,sota-k
T6,D3,L2,0.0,0.0,0.0,sota-k
T6,D3,L3,0.0,0.0,0.0,sota-k
T6,D4,L1,0.0,0.0,0.0,sota-k
T6,D4,L2,0.0,0.0,0.0,sota-k
T6,D4,L3,0.0,0.0,0.0,sota-k
T6,D5,L1,0.0,0.0,0.0,sota-k
T6,D5,L2,0.0,0.0,0.0,sota-k
T6,D5,L3,0.0,0.0,0.0,sota-k
T6,D6,L1,0.0,0.0,0.0,sota-k
T6,D6,L2,0.0,0.0,0.0,sota-k
T6,D6,L3,0.0,0.0,0.0,sota-k
T6,D7,L1,0.0,0.0,0.0,sota-k
T6,D7,L2,0.0,0.0,0.0,sota-k
T6,D7,L3,0.0,0.0,0.0,sota-k
T6,D8,L1,0.0,0.0,0.0,sota-k
T6,D8,L2,0.0,0.0,0.0,sota-k
T6,D8,L3,0.0,0.0,0.0,sota-k
T6,D9,L1,0.0,0.0,0.0,sota-k
T6,D9,L2,0.0,0.0,0.0,sota-k
T6,D9,L3,0.0,0.0,0.0,sota-k
T6,D10,L1,0.0,0.0,0.0,sota-k
T6,D10,L2,0.0,0.0,0.0,sota-k
T6,D10,L3,0.0,0.0,0.0,sota-k
T7,D1,L1,0.0,0.0,0.0,sota-k
T7,D1,L2,0.0,0.0,0.0,sota-k
T7,D1,L3,0.0,0.0,0.0,sota-k
T7,D2,L1,0.0,0.0,0.0,sota-k
T7,D2,L2,0.0,0.0,0.0,sota-k
T7,D2,L3,0.0,0.0,0.0,sota-k
T7,D3,L1,0.0,0.0,0.0,sota-k
T7,D3,L2,0.0,0.0,0.0,sota-k
T7,D3,L3,0.5,0.36,0.001124,sota-k
T7,D4,L1,0.0,0.0,0.0,sota-k
T7,D4,L2,0.0,0.0,0.0,sota-k
T7,D4,L3,0.0,0.0,0.0,sota-k
T7,D5,L1,0.0,0.0,0.0,sota-k
T7,D5,L2,0.0,0.0,0.0,sota-k
T7,D5,L3,0.0,0.0,0.0,sota-k
T7,D6,L1,0.0,0.0,0.0,sota-k
T7,D6,L2,0.0,0.0,0.0,sota-k
T7,D6,L3,0.0,0.0,0.0,sota-k
T7,D7,L1,0.0,0.0,0.0,sota-k
T7,D7,L2,0.0,0.0,0.0,sota-k
T7,D7,L3,0.0,0.0,0.0,sota-k
T7,D8,L1,0.0,0.0,0.0,sota-k
T7,D8,L2,1.0,0.6,0.001664,sota-k
T7,D8,L3,0.5,0.36,0.001124,sota-k
T7,D9,L1,2.0,1.46,0.006434,sota-k
T7,D9,L2,0.0,0.0,0.0,sota-k
T7,D9,L3,0.0,0.0,0.0,sota-k
T7,D10,L1,0.0,0.0,0.0,sota-k
T7,D10,L2,0.0,0.0,0.0,sota-k
T7,D10,L3,0.0,0.0,0.0,sota-k
T8,D1,L1,0.0,0.0,0.0,sota-k
T8,D1,L2,0.0,0.0,0.0,sota-k
T8,D1,L3,0.0,0.0,0.0,sota-k
T8,D2,L1,0.5,0.485,0.001354,sota-k
T8,D2,L2,37.0,31.860000000000003,0.11400174999999997,sota-k
T8,D2,L3,39.0,33.75749999999999,0.1210005,sota-k
T8,D3,L1,0.0,0.0,0.0,sota-k
T8,D3,L2,3.75,3.3499999999999996,0.01156225,sota-k
T8,D3,L3,2.25,2.0524999999999998,0.00657925,sota-k
T8,D4,L1,0.0,0.0,0.0,sota-k
T8,D4,L2,0.25,0.2275,0.00063125,sota-k
T8,D4,L3,0.3333333333333333,0.2866666666666666,0.001026,sota-k
T8,D5,L1,0.0,0.0,0.0,sota-k
T8,D5,L2,6.5,5.640000000000001,0.015053749999999996,sota-k
T8,D5,L3,6.25,5.400000000000001,0.020677249999999998,sota-k
T8,D6,L1,0.0,0.0,0.0,sota-k
T8,D6,L2,3.5,3.2375,0.0109115,sota-k
T8,D6,L3,4.083333333333333,3.5116666666666663,0.014145499999999998,sota-k
T8,D7,L1,0.0,0.0,0.0,sota-k
T8,D7,L2,2.5,2.1,0.005807,sota-k
T8,D7,L3,5.25,4.4624999999999995,0.016845,sota-k
T8,D8,L1,0.0,0.0,0.0,sota-k
T8,D8,L2,17.5,15.360000000000001,0.045355499999999986,sota-k
T8,D8,L3,32.83333333333333,27.244166666666672,0.0892715,sota-k
T8,D9,L1,4.5,3.985,0.012790999999999999,sota-k
T8,D9,L2,24.5,22.529999999999998,0.07673849999999999,sota-k
T8,D9,L3,16.5,14.705,0.053100999999999995,sota-k
T8,D10,L1,0.0,0.0,0.0,sota-k
T8,D10,L2,0.0,0.0,0.0,sota-k
T8,D10,L3,0.0,0.0,0.0,sota-k
T9,D1,L1,0.0,0.0,0.0,sota-k
T9,D1,L2,0.0,0.0,0.0,sota-k
T9,D1,L3,0.0,0.0,0.0,sota-k
T9,D2,L1,0.5,0.37,0.0009755,sota-k
T9,D2,L2,0.0,0.0,0.0,sota-k
T9,D2,L3,0.0,0.0,0.0,sota-k
T9,D3,L1,0.0,0.0,0.0,sota-k
T9,D3,L2,0.0,0.0,0.0,sota-k
T9,D3,L3,0.0,0.0,0.0,sota-k
T9,D4,L1,0.0,0.0,0.0,sota-k
T9,D4,L2,0.0,0.0,0.0,sota-k
T9,D4,L3,0.0,0.0,0.0,sota-k
T9,D5,L1,0.0,0.0,0.0,sota-k
T9,D5,L2,0.0,0.0,0.0,sota-k
T9,D5,L3,0.0,0.0,0.0,sota-k
T9,D6,L1,0.0,0.0,0.0,sota-k
T9,D6,L2,0.0,0.0,0.0,sota-k
T9,D6,L3,0.0,0.0,0.0,sota-k
T9,D7,L1,0.0,0.0,0.0,sota-k
T9,D7,L2,0.0,0.0,0.0,sota-k
T9,D7,L3,0.0,0.0,0.0,sota-k
T9,D8,L1,1.5,0.37,0.0039495,sota-k
T9,D8,L2,0.0,0.0,0.0,sota-k
T9,D8,L3,0.0,0.0,0.0,sota-k
T9,D9,L1,1.0,0.97,0.001085,sota-k
T9,D9,L2,0.0,0.0,0.0,sota-k
T9,D9,L3,0.0,0.0,0.0,sota-k
T9,D10,L1,0.0,0.0,0.0,sota-k
T9,D10,L2,0.0,0.0,0.0,sota-k
T9,D10,L3,0.0,0.0,0.0,sota-k
T10,D1,L1,0.25,0.25,0.00027525,sota-k
T10,D1,L2,0.75,0.455,0.0019182499999999998,sota-k
T10,D1,L3,0.0,0.0,0.0,sota-k
T10,D2,L1,22.75,15.395,0.048194249999999994,sota-k
T10,D2,L2,116.41666666666667,85.32499999999999,0.3087588333333333,sota-k
T10,D2,L3,8.5,6.277500000000001,0.022975999999999996,sota-k
T10,D3,L1,0.5,0.31,0.0008964999999999999,sota-k
T10,D3,L2,10.25,6.96,0.02660925,sota-k
T10,D3,L3,0.25,0.2125,0.0008922499999999999,sota-k
T10,D4,L1,0.0,0.0,0.0,sota-k
T10,D4,L2,1.25,0.7875,0.00365675,sota-k
T10,D4,L3,0.0,0.0,0.0,sota-k
T10,D5,L1,2.0,1.57,0.0040834999999999995,sota-k
T10,D5,L2,15.166666666666666,10.834999999999999,0.04055308333333333,sota-k
T10,D5,L3,0.75,0.63,0.00271025,sota-k
T10,D6,L1,2.0,1.365,0.0037709999999999996,sota-k
T10,D6,L2,8.166666666666668,6.2275,0.021961333333333333,sota-k
T10,D6,L3,0.75,0.56,0.002185,sota-k
T10,D7,L1,0.0,0.0,0.0,sota-k
T10,D7,L2,3.0,2.3499999999999996,0.008845,sota-k
T10,D7,L3,0.75,0.5775,0.0033705,sota-k
T10,D8,L1,17.0,10.559999999999999,0.028016000000000003,sota-k
T10,D8,L2,39.0,25.999999999999993,0.08805200000000003,sota-k
T10,D8,L3,4.5,2.9825,0.013151,sota-k
T10,D9,L1,32.0,24.025000000000002,0.07973199999999997,sota-k
T10,D9,L2,23.0,17.165,0.06663400000000001,sota-k
T10,D9,L3,0.0,0.0,0.0,sota-k
T10,D10,L1,0.0,0.0,0.0,sota-k
T10,D10,L2,0.0,0.0,0.0,sota-k
T10,D10,L3,0.0,0.0,0.0,sota-k
T11,D1,L1,0.0,0.0,0.0,sota-k
T11,D1,L2,0.0,0.0,0.0,sota-k
T11,D1,L3,0.0,0.0,0.0,sota-k
T11,D2,L1,0.0,0.0,0.0,sota-k
T11,D2,L2,0.0,0.0,0.0,sota-k
T11,D2,L3,0.0,0.0,0.0,sota-k
T11,D3,L1,0.0,0.0,0.0,sota-k
T11,D3,L2,0.5,0.0,0.0007954999999999999,sota-k
T11,D3,L3,0.0,0.0,0.0,sota-k
T11,D4,L1,2.0,0.86,0.0031009999999999996,sota-k
T11,D4,L2,0.5,0.41,0.0006965000000000001,sota-k
T11,D4,L3,0.0,0.0,0.0,sota-k
T11,D5,L1,2.833333333333333,1.6233333333333335,0.004445166666666667,sota-k
T11,D5,L2,0.5,0.0,0.0007954999999999999,sota-k
T11,D5,L3,0.0,0.0,0.0,sota-k
T11,D6,L1,0.5,0.5,0.0007055,sota-k
T11,D6,L2,0.0,0.0,0.0,sota-k
T11,D6,L3,0.5,0.375,0.0006925,sota-k
T11,D7,L1,1.0,0.8300000000000001,0.00162,sota-k
T11,D7,L2,2.5,1.325,0.0047279999999999996,sota-k
T11,D7,L3,0.0,0.0,0.0,sota-k
T11,D8,L1,41.83333333333333,34.46833333333333,0.07065616666666669,sota-k
T11,D8,L2,9.5,8.615,0.017058,sota-k
T11,D8,L3,5.0,4.58,0.010831999999999998,sota-k
T11,D9,L1,1.8333333333333333,1.5483333333333333,0.003028166666666667,sota-k
T11,D9,L2,0.0,0.0,0.0,sota-k
T11,D9,L3,0.5,0.375,0.0006925,sota-k
T11,D10,L1,0.0,0.0,0.0,sota-k
T11,D10,L2,0.0,0.0,0.0,sota-k
T11,D10,L3,0.0,0.0,0.0,sota-k
T12,D1,L1,0.0,0.0,0.0,sota-k
T12,D1,L2,0.0,0.0,0.0,sota-k
T12,D1,L3,0.0,0.0,0.0,sota-k
T12,D2,L1,1.0,0.87,0.002216,sota-k
T12,D2,L2,0.0,0.0,0.0,sota-k
T12,D2,L3,0.0,0.0,0.0,sota-k
T12,D3,L1,0.0,0.0,0.0,sota-k
T12,D3,L2,0.0,0.0,0.0,sota-k
T12,D3,L3,0.0,0.0,0.0,sota-k
T12,D4,L1,0.0,0.0,0.0,sota-k
T12,D4,L2,0.0,0.0,0.0,sota-k
T12,D4,L3,0.0,0.0,0.0,sota-k
T12,D5,L1,0.0,0.0,0.0,sota-k
T12,D5,L2,0.0,0.0,0.0,sota-k
T12,D5,L3,0.0,0.0,0.0,sota-k
T12,D6,L1,0.0,0.0,0.0,sota-k
T12,D6,L2,0.0,0.0,0.0,sota-k
T12,D6,L3,0.0,0.0,0.0,sota-k
T12,D7,L1,0.0,0.0,0.0,sota-k
T12,D7,L2,0.0,0.0,0.0,sota-k
T12,D7,L3,0.0,0.0,0.0,sota-k
T12,D8,L1,0.0,0.0,0.0,sota-k
T12,D8,L2,0.0,0.0,0.0,sota-k
T12,D8,L3,0.0,0.0,0.0,sota-k
T12,D9,L1,1.0,0.81,0.0011979999999999998,sota-k
T12,D9,L2,0.0,0.0,0.0,sota-k
T12,D9,L3,0.0,0.0,0.0,sota-k
T12,D10,L1,2.0,1.8599999999999999,0.003462,sota-k
T12,D10,L2,0.0,0.0,0.0,sota-k
T12,D10,L3,0.0,0.0,0.0,sota-k
T1,D1,L1,0.0,0.0,0.0,midm-base-2.3.2
T1,D1,L2,0.0,0.0,0.0,midm-base-2.3.2
T1,D1,L3,0.0,0.0,0.0,midm-base-2.3.2
T1,D2,L1,0.0,0.0,0.0,midm-base-2.3.2
T1,D2,L2,0.0,0.0,0.0,midm-base-2.3.2
T1,D2,L3,0.0,0.0,0.0,midm-base-2.3.2
T1,D3,L1,0.0,0.0,0.0,midm-base-2.3.2
T1,D3,L2,0.0,0.0,0.0,midm-base-2.3.2
T1,D3,L3,0.0,0.0,0.0,midm-base-2.3.2
T1,D4,L1,0.0,0.0,0.0,midm-base-2.3.2
T1,D4,L2,0.0,0.0,0.0,midm-base-2.3.2
T1,D4,L3,0.0,0.0,0.0,midm-base-2.3.2
T1,D5,L1,0.0,0.0,0.0,midm-base-2.3.2
T1,D5,L2,0.0,0.0,0.0,midm-base-2.3.2
T1,D5,L3,0.0,0.0,0.0,midm-base-2.3.2
T1,D6,L1,0.0,0.0,0.0,midm-base-2.3.2
T1,D6,L2,0.0,0.0,0.0,midm-base-2.3.2
T1,D6,L3,0.0,0.0,0.0,midm-base-2.3.2
T1,D7,L1,0.0,0.0,0.0,midm-base-2.3.2
T1,D7,L2,0.0,0.0,0.0,midm-base-2.3.2
T1,D7,L3,0.0,0.0,0.0,midm-base-2.3.2
T1,D8,L1,0.0,0.0,0.0,midm-base-2.3.2
T1,D8,L2,1.0,0.78,0.00010279500000000001,midm-base-2.3.2
T1,D8,L3,0.0,0.0,0.0,midm-base-2.3.2
T1,D9,L1,0.0,0.0,0.0,midm-base-2.3.2
T1,D9,L2,0.5,0.38,4.516875e-05,midm-base-2.3.2
T1,D9,L3,0.0,0.0,0.0,midm-base-2.3.2
T1,D10,L1,0.0,0.0,0.0,midm-base-2.3.2
T1,D10,L2,0.0,0.0,0.0,midm-base-2.3.2
T1,D10,L3,0.0,0.0,0.0,midm-base-2.3.2
T2,D1,L1,0.0,0.0,0.0,midm-base-2.3.2
T2,D1,L2,0.0,0.0,0.0,midm-base-2.3.2
T2,D1,L3,0.0,0.0,0.0,midm-base-2.3.2
T2,D2,L1,0.0,0.0,0.0,midm-base-2.3.2
T2,D2,L2,9.5,7.115,0.0009415312500000001,midm-base-2.3.2
T2,D2,L3,0.0,0.0,0.0,midm-base-2.3.2
T2,D3,L1,0.0,0.0,0.0,midm-base-2.3.2
T2,D3,L2,0.0,0.0,0.0,midm-base-2.3.2
T2,D3,L3,0.0,0.0,0.0,midm-base-2.3.2
T2,D4,L1,0.0,0.0,0.0,midm-base-2.3.2
T2,D4,L2,0.0,0.0,0.0,midm-base-2.3.2
T2,D4,L3,0.0,0.0,0.0,midm-base-2.3.2
T2,D5,L1,0.0,0.0,0.0,midm-base-2.3.2
T2,D5,L2,0.0,0.0,0.0,midm-base-2.3.2
T2,D5,L3,0.0,0.0,0.0,midm-base-2.3.2
T2,D6,L1,0.0,0.0,0.0,midm-base-2.3.2
T2,D6,L2,0.0,0.0,0.0,midm-base-2.3.2
T2,D6,L3,0.0,0.0,0.0,midm-base-2.3.2
T2,D7,L1,0.5,0.41,4.096125e-05,midm-base-2.3.2
T2,D7,L2,1.5,1.28,0.00015538875,midm-base-2.3.2
T2,D7,L3,0.0,0.0,0.0,midm-base-2.3.2
T2,D8,L1,1.5,1.2,0.00018863625,midm-base-2.3.2
T2,D8,L2,12.0,9.255,0.0014232075,midm-base-2.3.2
T2,D8,L3,0.0,0.0,0.0,midm-base-2.3.2
T2,D9,L1,0.0,0.0,0.0,midm-base-2.3.2
T2,D9,L2,4.0,3.46,0.0004409625,midm-base-2.3.2
T2,D9,L3,0.0,0.0,0.0,midm-base-2.3.2
T2,D10,L1,0.0,0.0,0.0,midm-base-2.3.2
T2,D10,L2,0.0,0.0,0.0,midm-base-2.3.2
T2,D10,L3,0.0,0.0,0.0,midm-base-2.3.2
T3,D1,L1,12.083333333333332,7.718333333333333,0.0011578531250000003,midm-base-2.3.2
T3,D1,L2,18.583333333333332,9.994166666666665,0.00192116375,midm-base-2.3.2
T3,D1,L3,0.3333333333333333,0.26666666666666666,7.196749999999999e-05,midm-base-2.3.2
T3,D2,L1,13.583333333333332,8.903333333333332,0.0012778081250000004,midm-base-2.3.2
T3,D2,L2,22.083333333333332,12.554166666666667,0.0022241037500000003,midm-base-2.3.2
T3,D2,L3,0.3333333333333333,0.26666666666666666,7.196749999999999e-05,midm-base-2.3.2
T3,D3,L1,0.0,0.0,0.0,midm-base-2.3.2
T3,D3,L2,0.0,0.0,0.0,midm-base-2.3.2
T3,D3,L3,0.0,0.0,0.0,midm-base-2.3.2
T3,D4,L1,0.0,0.0,0.0,midm-base-2.3.2
T3,D4,L2,0.5,0.28,2.8668750000000002e-05,midm-base-2.3.2
T3,D4,L3,0.0,0.0,0.0,midm-base-2.3.2
T3,D5,L1,0.0,0.0,0.0,midm-base-2.3.2
T3,D5,L2,0.0,0.0,0.0,midm-base-2.3.2
T3,D5,L3,0.0,0.0,0.0,midm-base-2.3.2
T3,D6,L1,0.0,0.0,0.0,midm-base-2.3.2
T3,D6,L2,0.0,0.0,0.0,midm-base-2.3.2
T3,D6,L3,0.0,0.0,0.0,midm-base-2.3.2
T3,D7,L1,0.0,0.0,0.0,midm-base-2.3.2
T3,D7,L2,0.0,0.0,0.0,midm-base-2.3.2
T3,D7,L3,0.0,0.0,0.0,midm-base-2.3.2
T3,D8,L1,0.0,0.0,0.0,midm-base-2.3.2
T3,D8,L2,1.0,0.72,9.16575e-05,midm-base-2.3.2
T3,D8,L3,0.3333333333333333,0.26666666666666666,7.196749999999999e-05,midm-base-2.3.2
T3,D9,L1,0.8333333333333333,0.7133333333333334,7.9475e-05,midm-base-2.3.2
T3,D9,L2,0.3333333333333333,0.24666666666666665,3.4347499999999996e-05,midm-base-2.3.2
T3,D9,L3,0.0,0.0,0.0,midm-base-2.3.2
T3,D10,L1,0.0,0.0,0.0,midm-base-2.3.2
T3,D10,L2,0.0,0.0,0.0,midm-base-2.3.2
T3,D10,L3,0.0,0.0,0.0,midm-base-2.3.2
T4,D1,L1,0.0,0.0,0.0,midm-base-2.3.2
T4,D1,L2,0.0,0.0,0.0,midm-base-2.3.2
T4,D1,L3,0.0,0.0,0.0,midm-base-2.3.2
T4,D2,L1,0.0,0.0,0.0,midm-base-2.3.2
T4,D2,L2,0.0,0.0,0.0,midm-base-2.3.2
T4,D2,L3,0.0,0.0,0.0,midm-base-2.3.2
T4,D3,L1,0.0,0.0,0.0,midm-base-2.3.2
T4,D3,L2,0.0,0.0,0.0,midm-base-2.3.2
T4,D3,L3,0.0,0.0,0.0,midm-base-2.3.2
T4,D4,L1,0.0,0.0,0.0,midm-base-2.3.2
T4,D4,L2,0.0,0.0,0.0,midm-base-2.3.2
T4,D4,L3,0.0,0.0,0.0,midm-base-2.3.2
T4,D5,L1,0.0,0.0,0.0,midm-base-2.3.2
T4,D5,L2,0.0,0.0,0.0,midm-base-2.3.2
T4,D5,L3,0.0,0.0,0.0,midm-base-2.3.2
T4,D6,L1,0.0,0.0,0.0,midm-base-2.3.2
T4,D6,L2,0.0,0.0,0.0,midm-base-2.3.2
T4,D6,L3,0.0,0.0,0.0,midm-base-2.3.2
T4,D7,L1,0.0,0.0,0.0,midm-base-2.3.2
T4,D7,L2,0.0,0.0,0.0,midm-base-2.3.2
T4,D7,L3,0.0,0.0,0.0,midm-base-2.3.2
T4,D8,L1,0.0,0.0,0.0,midm-base-2.3.2
T4,D8,L2,0.0,0.0,0.0,midm-base-2.3.2
T4,D8,L3,0.0,0.0,0.0,midm-base-2.3.2
T4,D9,L1,0.0,0.0,0.0,midm-base-2.3.2
T4,D9,L2,0.0,0.0,0.0,midm-base-2.3.2
T4,D9,L3,0.0,0.0,0.0,midm-base-2.3.2
T4,D10,L1,0.0,0.0,0.0,midm-base-2.3.2
T4,D10,L2,0.0,0.0,0.0,midm-base-2.3.2
T4,D10,L3,0.0,0.0,0.0,midm-base-2.3.2
T5,D1,L1,0.0,0.0,0.0,midm-base-2.3.2
T5,D1,L2,0.0,0.0,0.0,midm-base-2.3.2
T5,D1,L3,0.0,0.0,0.0,midm-base-2.3.2
T5,D2,L1,0.0,0.0,0.0,midm-base-2.3.2
T5,D2,L2,0.0,0.0,0.0,midm-base-2.3.2
T5,D2,L3,0.0,0.0,0.0,midm-base-2.3.2
T5,D3,L1,0.0,0.0,0.0,midm-base-2.3.2
T5,D3,L2,0.0,0.0,0.0,midm-base-2.3.2
T5,D3,L3,0.0,0.0,0.0,midm-base-2.3.2
T5,D4,L1,0.0,0.0,0.0,midm-base-2.3.2
T5,D4,L2,0.0,0.0,0.0,midm-base-2.3.2
T5,D4,L3,0.0,0.0,0.0,midm-base-2.3.2
T5,D5,L1,1.0,0.48,6.798000000000001e-05,midm-base-2.3.2
T5,D5,L2,0.0,0.0,0.0,midm-base-2.3.2
T5,D5,L3,0.0,0.0,0.0,midm-base-2.3.2
T5,D6,L1,0.0,0.0,0.0,midm-base-2.3.2
T5,D6,L2,0.0,0.0,0.0,midm-base-2.3.2
T5,D6,L3,0.0,0.0,0.0,midm-base-2.3.2
T5,D7,L1,0.0,0.0,0.0,midm-base-2.3.2
T5,D7,L2,0.0,0.0,0.0,midm-base-2.3.2
T5,D7,L3,0.0,0.0,0.0,midm-base-2.3.2
T5,D8,L1,0.0,0.0,0.0,midm-base-2.3.2
T5,D8,L2,0.0,0.0,0.0,midm-base-2.3.2
T5,D8,L3,0.0,0.0,0.0,midm-base-2.3.2
T5,D9,L1,0.0,0.0,0.0,midm-base-2.3.2
T5,D9,L2,0.0,0.0,0.0,midm-base-2.3.2
T5,D9,L3,0.0,0.0,0.0,midm-base-2.3.2
T5,D10,L1,0.0,0.0,0.0,midm-base-2.3.2
T5,D10,L2,0.0,0.0,0.0,midm-base-2.3.2
T5,D10,L3,0.0,0.0,0.0,midm-base-2.3.2
T6,D1,L1,0.0,0.0,0.0,midm-base-2.3.2
T6,D1,L2,0.0,0.0,0.0,midm-base-2.3.2
T6,D1,L3,0.0,0.0,0.0,midm-base-2.3.2
T6,D2,L1,0.0,0.0,0.0,midm-base-2.3.2
T6,D2,L2,0.0,0.0,0.0,midm-base-2.3.2
T6,D2,L3,0.0,0.0,0.0,midm-base-2.3.2
T6,D3,L1,0.0,0.0,0.0,midm-base-2.3.2
T6,D3,L2,0.0,0.0,0.0,midm-base-2.3.2
T6,D3,L3,0.0,0.0,0.0,midm-base-2.3.2
T6,D4,L1,0.0,0.0,0.0,midm-base-2.3.2
T6,D4,L2,0.0,0.0,0.0,midm-base-2.3.2
T6,D4,L3,0.0,0.0,0.0,midm-base-2.3.2
T6,D5,L1,0.0,0.0,0.0,midm-base-2.3.2
T6,D5,L2,0.0,0.0,0.0,midm-base-2.3.2
T6,D5,L3,0.0,0.0,0.0,midm-base-2.3.2
T6,D6,L1,0.0,0.0,0.0,midm-base-2.3.2
T6,D6,L2,0.0,0.0,0.0,midm-base-2.3.2
T6,D6,L3,0.0,0.0,0.0,midm-base-2.3.2
T6,D7,L1,0.0,0.0,0.0,midm-base-2.3.2
T6,D7,L2,0.0,0.0,0.0,midm-base-2.3.2
T6,D7,L3,0.0,0.0,0.0,midm-base-2.3.2
T6,D8,L1,0.0,0.0,0.0,midm-base-2.3.2
T6,D8,L2,0.0,0.0,0.0,midm-base-2.3.2
T6,D8,L3,0.0,0.0,0.0,midm-base-2.3.2
T6,D9,L1,0.0,0.0,0.0,midm-base-2.3.2
T6,D9,L2,0.0,0.0,0.0,midm-base-2.3.2
T6,D9,L3,0.0,0.0,0.0,midm-base-2.3.2
T6,D10,L1,0.0,0.0,0.0,midm-base-2.3.2
T6,D10,L2,0.0,0.0,0.0,midm-base-2.3.2
T6,D10,L3,0.0,0.0,0.0,midm-base-2.3.2
T7,D1,L1,0.0,0.0,0.0,midm-base-2.3.2
T7,D1,L2,0.0,0.0,0.0,midm-base-2.3.2
T7,D1,L3,0.0,0.0,0.0,midm-base-2.3.2
T7,D2,L1,0.0,0.0,0.0,midm-base-2.3.2
T7,D2,L2,0.0,0.0,0.0,midm-base-2.3.2
T7,D2,L3,0.0,0.0,0.0,midm-base-2.3.2
T7,D3,L1,0.0,0.0,0.0,midm-base-2.3.2
T7,D3,L2,0.0,0.0,0.0,midm-base-2.3.2
T7,D3,L3,0.5,0.31,4.52925e-05,midm-base-2.3.2
T7,D4,L1,0.0,0.0,0.0,midm-base-2.3.2
T7,D4,L2,0.0,0.0,0.0,midm-base-2.3.2
T7,D4,L3,0.0,0.0,0.0,midm-base-2.3.2
T7,D5,L1,0.0,0.0,0.0,midm-base-2.3.2
T7,D5,L2,0.0,0.0,0.0,midm-base-2.3.2
T7,D5,L3,0.0,0.0,0.0,midm-base-2.3.2
T7,D6,L1,0.0,0.0,0.0,midm-base-2.3.2
T7,D6,L2,0.0,0.0,0.0,midm-base-2.3.2
T7,D6,L3,0.0,0.0,0.0,midm-base-2.3.2
T7,D7,L1,0.0,0.0,0.0,midm-base-2.3.2
T7,D7,L2,0.0,0.0,0.0,midm-base-2.3.2
T7,D7,L3,0.0,0.0,0.0,midm-base-2.3.2
T7,D8,L1,0.0,0.0,0.0,midm-base-2.3.2
T7,D8,L2,1.0,0.32,9.52875e-05,midm-base-2.3.2
T7,D8,L3,0.5,0.31,4.52925e-05,midm-base-2.3.2
T7,D9,L1,2.0,0.9600000000000001,0.00017721000000000002,midm-base-2.3.2
T7,D9,L2,0.0,0.0,0.0,midm-base-2.3.2
T7,D9,L3,0.0,0.0,0.0,midm-base-2.3.2
T7,D10,L1,0.0,0.0,0.0,midm-base-2.3.2
T7,D10,L2,0.0,0.0,0.0,midm-base-2.3.2
T7,D10,L3,0.0,0.0,0.0,midm-base-2.3.2
T8,D1,L1,0.0,0.0,0.0,midm-base-2.3.2
T8,D1,L2,0.0,0.0,0.0,midm-base-2.3.2
T8,D1,L3,0.0,0.0,0.0,midm-base-2.3.2
T8,D2,L1,0.5,0.385,5.490375e-05,midm-base-2.3.2
T8,D2,L2,37.0,30.602500000000003,0.005362190624999997,midm-base-2.3.2
T8,D2,L3,39.0,32.662499999999994,0.006105020624999998,midm-base-2.3.2
T8,D3,L1,0.0,0.0,0.0,midm-base-2.3.2
T8,D3,L2,3.75,3.2175,0.000564609375,midm-base-2.3.2
T8,D3,L3,2.25,1.92,0.00040173374999999997,midm-base-2.3.2
T8,D4,L1,0.0,0.0,0.0,midm-base-2.3.2
T8,D4,L2,0.25,0.2375,3.5743125e-05,midm-base-2.3.2
T8,D4,L3,0.3333333333333333,0.29,3.121249999999999e-05,midm-base-2.3.2
T8,D5,L1,0.0,0.0,0.0,midm-base-2.3.2
T8,D5,L2,6.5,5.0575,0.000953596875,midm-base-2.3.2
T8,D5,L3,6.25,5.1825,0.001234261875,midm-base-2.3.2
T8,D6,L1,0.0,0.0,0.0,midm-base-2.3.2
T8,D6,L2,3.5,2.9925,0.00044100375,midm-base-2.3.2
T8,D6,L3,4.083333333333334,3.2399999999999998,0.0006397943750000001,midm-base-2.3.2
T8,D7,L1,0.0,0.0,0.0,midm-base-2.3.2
T8,D7,L2,2.5,2.03,0.0002901525,midm-base-2.3.2
T8,D7,L3,5.25,4.1275,0.0008134087500000001,midm-base-2.3.2
T8,D8,L1,0.0,0.0,0.0,midm-base-2.3.2
T8,D8,L2,17.5,13.975000000000001,0.0025457850000000005,midm-base-2.3.2
T8,D8,L3,32.833333333333336,26.6725,0.004763103125,midm-base-2.3.2
T8,D9,L1,4.5,3.1550000000000002,0.00041344875,midm-base-2.3.2
T8,D9,L2,24.5,20.032500000000006,0.0026719275000000003,midm-base-2.3.2
T8,D9,L3,16.5,13.74,0.0019463400000000002,midm-base-2.3.2
T8,D10,L1,0.0,0.0,0.0,midm-base-2.3.2
T8,D10,L2,0.0,0.0,0.0,midm-base-2.3.2
T8,D10,L3,0.0,0.0,0.0,midm-base-2.3.2
T9,D1,L1,0.0,0.0,0.0,midm-base-2.3.2
T9,D1,L2,0.0,0.0,0.0,midm-base-2.3.2
T9,D1,L3,0.0,0.0,0.0,midm-base-2.3.2
T9,D2,L1,0.5,0.38,4.7685e-05,midm-base-2.3.2
T9,D2,L2,0.0,0.0,0.0,midm-base-2.3.2
T9,D2,L3,0.0,0.0,0.0,midm-base-2.3.2
T9,D3,L1,0.0,0.0,0.0,midm-base-2.3.2
T9,D3,L2,0.0,0.0,0.0,midm-base-2.3.2
T9,D3,L3,0.0,0.0,0.0,midm-base-2.3.2
T9,D4,L1,0.0,0.0,0.0,midm-base-2.3.2
T9,D4,L2,0.0,0.0,0.0,midm-base-2.3.2
T9,D4,L3,0.0,0.0,0.0,midm-base-2.3.2
T9,D5,L1,0.0,0.0,0.0,midm-base-2.3.2
T9,D5,L2,0.0,0.0,0.0,midm-base-2.3.2
T9,D5,L3,0.0,0.0,0.0,midm-base-2.3.2
T9,D6,L1,0.0,0.0,0.0,midm-base-2.3.2
T9,D6,L2,0.0,0.0,0.0,midm-base-2.3.2
T9,D6,L3,0.0,0.0,0.0,midm-base-2.3.2
T9,D7,L1,0.0,0.0,0.0,midm-base-2.3.2
T9,D7,L2,0.0,0.0,0.0,midm-base-2.3.2
T9,D7,L3,0.0,0.0,0.0,midm-base-2.3.2
T9,D8,L1,1.5,1.1099999999999999,0.0001337325,midm-base-2.3.2
T9,D8,L2,0.0,0.0,0.0,midm-base-2.3.2
T9,D8,L3,0.0,0.0,0.0,midm-base-2.3.2
T9,D9,L1,1.0,0.88,6.798000000000001e-05,midm-base-2.3.2
T9,D9,L2,0.0,0.0,0.0,midm-base-2.3.2
T9,D9,L3,0.0,0.0,0.0,midm-base-2.3.2
T9,D10,L1,0.0,0.0,0.0,midm-base-2.3.2
T9,D10,L2,0.0,0.0,0.0,midm-base-2.3.2
T9,D10,L3,0.0,0.0,0.0,midm-base-2.3.2
T10,D1,L1,0.25,0.225,2.0851875e-05,midm-base-2.3.2
T10,D1,L2,0.75,0.4175,0.00012177,midm-base-2.3.2
T10,D1,L3,0.0,0.0,0.0,midm-base-2.3.2
T10,D2,L1,22.75,15.529999999999998,0.0024627281250000003,midm-base-2.3.2
T10,D2,L2,116.41666666666666,84.48166666666665,0.018395966875000003,midm-base-2.3.2
T10,D2,L3,8.5,5.7875,0.001438449375,midm-base-2.3.2
T10,D3,L1,0.5,0.355,6.133875000000001e-05,midm-base-2.3.2
T10,D3,L2,10.25,6.6674999999999995,0.0016187531250000003,midm-base-2.3.2
T10,D3,L3,0.25,0.195,3.96e-05,midm-base-2.3.2
T10,D4,L1,0.0,0.0,0.0,midm-base-2.3.2
T10,D4,L2,1.25,0.8425,0.00022202812500000002,midm-base-2.3.2
T10,D4,L3,0.0,0.0,0.0,midm-base-2.3.2
T10,D5,L1,2.0,1.65,0.00019861875000000003,midm-base-2.3.2
T10,D5,L2,15.166666666666668,11.29416666666667,0.0024579568749999994,midm-base-2.3.2
T10,D5,L3,0.75,0.5974999999999999,0.00015961687499999998,midm-base-2.3.2
T10,D6,L1,2.0,1.485,0.00025834875,midm-base-2.3.2
T10,D6,L2,8.166666666666668,5.984166666666668,0.00139673875,midm-base-2.3.2
T10,D6,L3,0.75,0.51,0.000148685625,midm-base-2.3.2
T10,D7,L1,0.0,0.0,0.0,midm-base-2.3.2
T10,D7,L2,3.0,2.26,0.00040408500000000005,midm-base-2.3.2
T10,D7,L3,0.75,0.5125000000000001,0.00012160500000000001,midm-base-2.3.2
T10,D8,L1,17.0,9.660000000000002,0.0017209500000000002,midm-base-2.3.2
T10,D8,L2,39.0,23.435,0.005207647500000002,midm-base-2.3.2
T10,D8,L3,4.5,2.7625,0.000756710625,midm-base-2.3.2
T10,D9,L1,32.0,22.83,0.0029189325000000006,midm-base-2.3.2
T10,D9,L2,23.0,16.332500000000003,0.0022991512499999996,midm-base-2.3.2
T10,D9,L3,0.0,0.0,0.0,midm-base-2.3.2
T10,D10,L1,0.0,0.0,0.0,midm-base-2.3.2
T10,D10,L2,0.0,0.0,0.0,midm-base-2.3.2
T10,D10,L3,0.0,0.0,0.0,midm-base-2.3.2
T11,D1,L1,0.0,0.0,0.0,midm-base-2.3.2
T11,D1,L2,0.0,0.0,0.0,midm-base-2.3.2
T11,D1,L3,0.0,0.0,0.0,midm-base-2.3.2
T11,D2,L1,0.0,0.0,0.0,midm-base-2.3.2
T11,D2,L2,0.0,0.0,0.0,midm-base-2.3.2
T11,D2,L3,0.0,0.0,0.0,midm-base-2.3.2
T11,D3,L1,0.0,0.0,0.0,midm-base-2.3.2
T11,D3,L2,0.5,0.0,4.95825e-05,midm-base-2.3.2
T11,D3,L3,0.0,0.0,0.0,midm-base-2.3.2
T11,D4,L1,2.0,1.88,0.00020319750000000002,midm-base-2.3.2
T11,D4,L2,0.5,0.43,4.1868750000000005e-05,midm-base-2.3.2
T11,D4,L3,0.0,0.0,0.0,midm-base-2.3.2
T11,D5,L1,2.833333333333333,1.4416666666666667,0.00027286875,midm-base-2.3.2
T11,D5,L2,0.5,0.0,4.95825e-05,midm-base-2.3.2
T11,D5,L3,0.0,0.0,0.0,midm-base-2.3.2
T11,D6,L1,0.5,0.5,4.442625e-05,midm-base-2.3.2
T11,D6,L2,0.0,0.0,0.0,midm-base-2.3.2
T11,D6,L3,0.5,0.34,4.7231250000000006e-05,midm-base-2.3.2
T11,D7,L1,1.0,0.515,8.798625e-05,midm-base-2.3.2
T11,D7,L2,2.5,1.16,0.00023916750000000002,midm-base-2.3.2
T11,D7,L3,0.0,0.0,0.0,midm-base-2.3.2
T11,D8,L1,41.833333333333336,32.94166666666666,0.00400549875,midm-base-2.3.2
T11,D8,L2,9.5,7.205,0.0010032,midm-base-2.3.2
T11,D8,L3,5.0,4.01,0.0006990225000000002,midm-base-2.3.2
T11,D9,L1,1.8333333333333333,1.3516666666666666,0.00018562500000000003,midm-base-2.3.2
T11,D9,L2,0.0,0.0,0.0,midm-base-2.3.2
T11,D9,L3,0.5,0.34,4.7231250000000006e-05,midm-base-2.3.2
T11,D10,L1,0.0,0.0,0.0,midm-base-2.3.2
T11,D10,L2,0.0,0.0,0.0,midm-base-2.3.2
T11,D10,L3,0.0,0.0,0.0,midm-base-2.3.2
T12,D1,L1,0.0,0.0,0.0,midm-base-2.3.2
T12,D1,L2,0.0,0.0,0.0,midm-base-2.3.2
T12,D1,L3,0.0,0.0,0.0,midm-base-2.3.2
T12,D2,L1,1.0,0.95,9.21525e-05,midm-base-2.3.2
T12,D2,L2,0.0,0.0,0.0,midm-base-2.3.2
T12,D2,L3,0.0,0.0,0.0,midm-base-2.3.2
T12,D3,L1,0.0,0.0,0.0,midm-base-2.3.2
T12,D3,L2,0.0,0.0,0.0,midm-base-2.3.2
T12,D3,L3,0.0,0.0,0.0,midm-base-2.3.2
T12,D4,L1,0.0,0.0,0.0,midm-base-2.3.2
T12,D4,L2,0.0,0.0,0.0,midm-base-2.3.2
T12,D4,L3,0.0,0.0,0.0,midm-base-2.3.2
T12,D5,L1,0.0,0.0,0.0,midm-base-2.3.2
T12,D5,L2,0.0,0.0,0.0,midm-base-2.3.2
T12,D5,L3,0.0,0.0,0.0,midm-base-2.3.2
T12,D6,L1,0.0,0.0,0.0,midm-base-2.3.2
T12,D6,L2,0.0,0.0,0.0,midm-base-2.3.2
T12,D6,L3,0.0,0.0,0.0,midm-base-2.3.2
T12,D7,L1,0.0,0.0,0.0,midm-base-2.3.2
T12,D7,L2,0.0,0.0,0.0,midm-base-2.3.2
T12,D7,L3,0.0,0.0,0.0,midm-base-2.3.2
T12,D8,L1,0.0,0.0,0.0,midm-base-2.3.2
T12,D8,L2,0.0,0.0,0.0,midm-base-2.3.2
T12,D8,L3,0.0,0.0,0.0,midm-base-2.3.2
T12,D9,L1,1.0,0.79,8.52225e-05,midm-base-2.3.2
T12,D9,L2,0.0,0.0,0.0,midm-base-2.3.2
T12,D9,L3,0.0,0.0,0.0,midm-base-2.3.2
T12,D10,L1,2.0,1.1,0.00015881250000000002,midm-base-2.3.2
T12,D10,L2,0.0,0.0,0.0,midm-base-2.3.2
T12,D10,L3,0.0,0.0,0.0,midm-base-2.3.2
T1,D1,L1,0.0,0.0,0.0,midm-mini-2.3.1
T1,D1,L2,0.0,0.0,0.0,midm-mini-2.3.1
T1,D1,L3,0.0,0.0,0.0,midm-mini-2.3.1
T1,D2,L1,0.0,0.0,0.0,midm-mini-2.3.1
T1,D2,L2,0.0,0.0,0.0,midm-mini-2.3.1
T1,D2,L3,0.0,0.0,0.0,midm-mini-2.3.1
T1,D3,L1,0.0,0.0,0.0,midm-mini-2.3.1
T1,D3,L2,0.0,0.0,0.0,midm-mini-2.3.1
T1,D3,L3,0.0,0.0,0.0,midm-mini-2.3.1
T1,D4,L1,0.0,0.0,0.0,midm-mini-2.3.1
T1,D4,L2,0.0,0.0,0.0,midm-mini-2.3.1
T1,D4,L3,0.0,0.0,0.0,midm-mini-2.3.1
T1,D5,L1,0.0,0.0,0.0,midm-mini-2.3.1
T1,D5,L2,0.0,0.0,0.0,midm-mini-2.3.1
T1,D5,L3,0.0,0.0,0.0,midm-mini-2.3.1
T1,D6,L1,0.0,0.0,0.0,midm-mini-2.3.1
T1,D6,L2,0.0,0.0,0.0,midm-mini-2.3.1
T1,D6,L3,0.0,0.0,0.0,midm-mini-2.3.1
T1,D7,L1,0.0,0.0,0.0,midm-mini-2.3.1
T1,D7,L2,0.0,0.0,0.0,midm-mini-2.3.1
T1,D7,L3,0.0,0.0,0.0,midm-mini-2.3.1
T1,D8,L1,0.0,0.0,0.0,midm-mini-2.3.1
T1,D8,L2,1.0,0.73,4.7602500000000004e-05,midm-mini-2.3.1
T1,D8,L3,0.0,0.0,0.0,midm-mini-2.3.1
T1,D9,L1,0.0,0.0,0.0,midm-mini-2.3.1
T1,D9,L2,0.5,0.0,1.6314375e-05,midm-mini-2.3.1
T1,D9,L3,0.0,0.0,0.0,midm-mini-2.3.1
T1,D10,L1,0.0,0.0,0.0,midm-mini-2.3.1
T1,D10,L2,0.0,0.0,0.0,midm-mini-2.3.1
T1,D10,L3,0.0,0.0,0.0,midm-mini-2.3.1
T2,D1,L1,0.0,0.0,0.0,midm-mini-2.3.1
T2,D1,L2,0.0,0.0,0.0,midm-mini-2.3.1
T2,D1,L3,0.0,0.0,0.0,midm-mini-2.3.1
T2,D2,L1,0.0,0.0,0.0,midm-mini-2.3.1
T2,D2,L2,9.5,5.985000000000001,0.00038620312500000004,midm-mini-2.3.1
T2,D2,L3,0.0,0.0,0.0,midm-mini-2.3.1
T2,D3,L1,0.0,0.0,0.0,midm-mini-2.3.1
T2,D3,L2,0.0,0.0,0.0,midm-mini-2.3.1
T2,D3,L3,0.0,0.0,0.0,midm-mini-2.3.1
T2,D4,L1,0.0,0.0,0.0,midm-mini-2.3.1
T2,D4,L2,0.0,0.0,0.0,midm-mini-2.3.1
T2,D4,L3,0.0,0.0,0.0,midm-mini-2.3.1
T2,D5,L1,0.0,0.0,0.0,midm-mini-2.3.1
T2,D5,L2,0.0,0.0,0.0,midm-mini-2.3.1
T2,D5,L3,0.0,0.0,0.0,midm-mini-2.3.1
T2,D6,L1,0.0,0.0,0.0,midm-mini-2.3.1
T2,D6,L2,0.0,0.0,0.0,midm-mini-2.3.1
T2,D6,L3,0.0,0.0,0.0,midm-mini-2.3.1
T2,D7,L1,0.5,0.415,1.8830625e-05,midm-mini-2.3.1
T2,D7,L2,1.5,0.89,6.1441875e-05,midm-mini-2.3.1
T2,D7,L3,0.0,0.0,0.0,midm-mini-2.3.1
T2,D8,L1,1.5,1.215,7.0558125e-05,midm-mini-2.3.1
T2,D8,L2,12.0,8.705,0.00063372375,midm-mini-2.3.1
T2,D8,L3,0.0,0.0,0.0,midm-mini-2.3.1
T2,D9,L1,0.0,0.0,0.0,midm-mini-2.3.1
T2,D9,L2,4.0,2.42,0.00013336125,midm-mini-2.3.1
T2,D9,L3,0.0,0.0,0.0,midm-mini-2.3.1
T2,D10,L1,0.0,0.0,0.0,midm-mini-2.3.1
T2,D10,L2,0.0,0.0,0.0,midm-mini-2.3.1
T2,D10,L3,0.0,0.0,0.0,midm-mini-2.3.1
T3,D1,L1,12.083333333333332,10.4325,0.0006156665625,midm-mini-2.3.1
T3,D1,L2,18.583333333333332,11.466666666666667,0.0011963256250000001,midm-mini-2.3.1
T3,D1,L3,0.3333333333333333,0.10666666666666666,3.158375e-05,midm-mini-2.3.1
T3,D2,L1,13.583333333333332,11.737499999999999,0.0006761390624999999,midm-mini-2.3.1
T3,D2,L2,22.083333333333332,14.201666666666664,0.0013349256250000001,midm-mini-2.3.1
T3,D2,L3,0.3333333333333333,0.10666666666666666,3.158375e-05,midm-mini-2.3.1
T3,D3,L1,0.0,0.0,0.0,midm-mini-2.3.1
T3,D3,L2,0.0,0.0,0.0,midm-mini-2.3.1
T3,D3,L3,0.0,0.0,0.0,midm-mini-2.3.1
T3,D4,L1,0.0,0.0,0.0,midm-mini-2.3.1
T3,D4,L2,0.5,0.43,1.8459375e-05,midm-mini-2.3.1
T3,D4,L3,0.0,0.0,0.0,midm-mini-2.3.1
T3,D5,L1,0.0,0.0,0.0,midm-mini-2.3.1
T3,D5,L2,0.0,0.0,0.0,midm-mini-2.3.1
T3,D5,L3,0.0,0.0,0.0,midm-mini-2.3.1
T3,D6,L1,0.0,0.0,0.0,midm-mini-2.3.1
T3,D6,L2,0.0,0.0,0.0,midm-mini-2.3.1
T3,D6,L3,0.0,0.0,0.0,midm-mini-2.3.1
T3,D7,L1,0.0,0.0,0.0,midm-mini-2.3.1
T3,D7,L2,0.0,0.0,0.0,midm-mini-2.3.1
T3,D7,L3,0.0,0.0,0.0,midm-mini-2.3.1
T3,D8,L1,0.0,0.0,0.0,midm-mini-2.3.1
T3,D8,L2,1.0,0.76,4.483875e-05,midm-mini-2.3.1
T3,D8,L3,0.3333333333333333,0.10666666666666666,3.158375e-05,midm-mini-2.3.1
T3,D9,L1,0.8333333333333333,0.7849999999999999,3.67125e-05,midm-mini-2.3.1
T3,D9,L2,0.3333333333333333,0.13666666666666666,1.387375e-05,midm-mini-2.3.1
T3,D9,L3,0.0,0.0,0.0,midm-mini-2.3.1
T3,D10,L1,0.0,0.0,0.0,midm-mini-2.3.1
T3,D10,L2,0.0,0.0,0.0,midm-mini-2.3.1
T3,D10,L3,0.0,0.0,0.0,midm-mini-2.3.1
T4,D1,L1,0.0,0.0,0.0,midm-mini-2.3.1
T4,D1,L2,0.0,0.0,0.0,midm-mini-2.3.1
T4,D1,L3,0.0,0.0,0.0,midm-mini-2.3.1
T4,D2,L1,0.0,0.0,0.0,midm-mini-2.3.1
T4,D2,L2,0.0,0.0,0.0,midm-mini-2.3.1
T4,D2,L3,0.0,0.0,0.0,midm-mini-2.3.1
T4,D3,L1,0.0,0.0,0.0,midm-mini-2.3.1
T4,D3,L2,0.0,0.0,0.0,midm-mini-2.3.1
T4,D3,L3,0.0,0.0,0.0,midm-mini-2.3.1
T4,D4,L1,0.0,0.0,0.0,midm-mini-2.3.1
T4,D4,L2,0.0,0.0,0.0,midm-mini-2.3.1
T4,D4,L3,0.0,0.0,0.0,midm-mini-2.3.1
T4,D5,L1,0.0,0.0,0.0,midm-mini-2.3.1
T4,D5,L2,0.0,0.0,0.0,midm-mini-2.3.1
T4,D5,L3,0.0,0.0,0.0,midm-mini-2.3.1
T4,D6,L1,0.0,0.0,0.0,midm-mini-2.3.1
T4,D6,L2,0.0,0.0,0.0,midm-mini-2.3.1
T4,D6,L3,0.0,0.0,0.0,midm-mini-2.3.1
T4,D7,L1,0.0,0.0,0.0,midm-mini-2.3.1
T4,D7,L2,0.0,0.0,0.0,midm-mini-2.3.1
T4,D7,L3,0.0,0.0,0.0,midm-mini-2.3.1
T4,D8,L1,0.0,0.0,0.0,midm-mini-2.3.1
T4,D8,L2,0.0,0.0,0.0,midm-mini-2.3.1
T4,D8,L3,0.0,0.0,0.0,midm-mini-2.3.1
T4,D9,L1,0.0,0.0,0.0,midm-mini-2.3.1
T4,D9,L2,0.0,0.0,0.0,midm-mini-2.3.1
T4,D9,L3,0.0,0.0,0.0,midm-mini-2.3.1
T4,D10,L1,0.0,0.0,0.0,midm-mini-2.3.1
T4,D10,L2,0.0,0.0,0.0,midm-mini-2.3.1
T4,D10,L3,0.0,0.0,0.0,midm-mini-2.3.1
T5,D1,L1,0.0,0.0,0.0,midm-mini-2.3.1
T5,D1,L2,0.0,0.0,0.0,midm-mini-2.3.1
T5,D1,L3,0.0,0.0,0.0,midm-mini-2.3.1
T5,D2,L1,0.0,0.0,0.0,midm-mini-2.3.1
T5,D2,L2,0.0,0.0,0.0,midm-mini-2.3.1
T5,D2,L3,0.0,0.0,0.0,midm-mini-2.3.1
T5,D3,L1,0.0,0.0,0.0,midm-mini-2.3.1
T5,D3,L2,0.0,0.0,0.0,midm-mini-2.3.1
T5,D3,L3,0.0,0.0,0.0,midm-mini-2.3.1
T5,D4,L1,0.0,0.0,0.0,midm-mini-2.3.1
T5,D4,L2,0.0,0.0,0.0,midm-mini-2.3.1
T5,D4,L3,0.0,0.0,0.0,midm-mini-2.3.1
T5,D5,L1,1.0,0.33,3.6795e-05,midm-mini-2.3.1
T5,D5,L2,0.0,0.0,0.0,midm-mini-2.3.1
T5,D5,L3,0.0,0.0,0.0,midm-mini-2.3.1
T5,D6,L1,0.0,0.0,0.0,midm-mini-2.3.1
T5,D6,L2,0.0,0.0,0.0,midm-mini-2.3.1
T5,D6,L3,0.0,0.0,0.0,midm-mini-2.3.1
T5,D7,L1,0.0,0.0,0.0,midm-mini-2.3.1
T5,D7,L2,0.0,0.0,0.0,midm-mini-2.3.1
T5,D7,L3,0.0,0.0,0.0,midm-mini-2.3.1
T5,D8,L1,0.0,0.0,0.0,midm-mini-2.3.1
T5,D8,L2,0.0,0.0,0.0,midm-mini-2.3.1
T5,D8,L3,0.0,0.0,0.0,midm-mini-2.3.1
T5,D9,L1,0.0,0.0,0.0,midm-mini-2.3.1
T5,D9,L2,0.0,0.0,0.0,midm-mini-2.3.1
T5,D9,L3,0.0,0.0,0.0,midm-mini-2.3.1
T5,D10,L1,0.0,0.0,0.0,midm-mini-2.3.1
T5,D10,L2,0.0,0.0,0.0,midm-mini-2.3.1
T5,D10,L3,0.0,0.0,0.0,midm-mini-2.3.1
T6,D1,L1,0.0,0.0,0.0,midm-mini-2.3.1
T6,D1,L2,0.0,0.0,0.0,midm-mini-2.3.1
T6,D1,L3,0.0,0.0,0.0,midm-mini-2.3.1
T6,D2,L1,0.0,0.0,0.0,midm-mini-2.3.1
T6,D2,L2,0.0,0.0,0.0,midm-mini-2.3.1
T6,D2,L3,0.0,0.0,0.0,midm-mini-2.3.1
T6,D3,L1,0.0,0.0,0.0,midm-mini-2.3.1
T6,D3,L2,0.0,0.0,0.0,midm-mini-2.3.1
T6,D3,L3,0.0,0.0,0.0,midm-mini-2.3.1
T6,D4,L1,0.0,0.0,0.0,midm-mini-2.3.1
T6,D4,L2,0.0,0.0,0.0,midm-mini-2.3.1
T6,D4,L3,0.0,0.0,0.0,midm-mini-2.3.1
T6,D5,L1,0.0,0.0,0.0,midm-mini-2.3.1
T6,D5,L2,0.0,0.0,0.0,midm-mini-2.3.1
T6,D5,L3,0.0,0.0,0.0,midm-mini-2.3.1
T6,D6,L1,0.0,0.0,0.0,midm-mini-2.3.1
T6,D6,L2,0.0,0.0,0.0,midm-mini-2.3.1
T6,D6,L3,0.0,0.0,0.0,midm-mini-2.3.1
T6,D7,L1,0.0,0.0,0.0,midm-mini-2.3.1
T6,D7,L2,0.0,0.0,0.0,midm-mini-2.3.1
T6,D7,L3,0.0,0.0,0.0,midm-mini-2.3.1
T6,D8,L1,0.0,0.0,0.0,midm-mini-2.3.1
T6,D8,L2,0.0,0.0,0.0,midm-mini-2.3.1
T6,D8,L3,0.0,0.0,0.0,midm-mini-2.3.1
T6,D9,L1,0.0,0.0,0.0,midm-mini-2.3.1
T6,D9,L2,0.0,0.0,0.0,midm-mini-2.3.1
T6,D9,L3,0.0,0.0,0.0,midm-mini-2.3.1
T6,D10,L1,0.0,0.0,0.0,midm-mini-2.3.1
T6,D10,L2,0.0,0.0,0.0,midm-mini-2.3.1
T6,D10,L3,0.0,0.0,0.0,midm-mini-2.3.1
T7,D1,L1,0.0,0.0,0.0,midm-mini-2.3.1
T7,D1,L2,0.0,0.0,0.0,midm-mini-2.3.1
T7,D1,L3,0.0,0.0,0.0,midm-mini-2.3.1
T7,D2,L1,0.0,0.0,0.0,midm-mini-2.3.1
T7,D2,L2,0.0,0.0,0.0,midm-mini-2.3.1
T7,D2,L3,0.0,0.0,0.0,midm-mini-2.3.1
T7,D3,L1,0.0,0.0,0.0,midm-mini-2.3.1
T7,D3,L2,0.0,0.0,0.0,midm-mini-2.3.1
T7,D3,L3,0.5,0.37,2.2316249999999998e-05,midm-mini-2.3.1
T7,D4,L1,0.0,0.0,0.0,midm-mini-2.3.1
T7,D4,L2,0.0,0.0,0.0,midm-mini-2.3.1
T7,D4,L3,0.0,0.0,0.0,midm-mini-2.3.1
T7,D5,L1,0.0,0.0,0.0,midm-mini-2.3.1
T7,D5,L2,0.0,0.0,0.0,midm-mini-2.3.1
T7,D5,L3,0.0,0.0,0.0,midm-mini-2.3.1
T7,D6,L1,0.0,0.0,0.0,midm-mini-2.3.1
T7,D6,L2,0.0,0.0,0.0,midm-mini-2.3.1
T7,D6,L3,0.0,0.0,0.0,midm-mini-2.3.1
T7,D7,L1,0.0,0.0,0.0,midm-mini-2.3.1
T7,D7,L2,0.0,0.0,0.0,midm-mini-2.3.1
T7,D7,L3,0.0,0.0,0.0,midm-mini-2.3.1
T7,D8,L1,0.0,0.0,0.0,midm-mini-2.3.1
T7,D8,L2,1.0,0.48,4.6158750000000006e-05,midm-mini-2.3.1
T7,D8,L3,0.5,0.37,2.2316249999999998e-05,midm-mini-2.3.1
T7,D9,L1,1.0,0.55,4.1745e-05,midm-mini-2.3.1
T7,D9,L2,0.0,0.0,0.0,midm-mini-2.3.1
T7,D9,L3,0.0,0.0,0.0,midm-mini-2.3.1
T7,D10,L1,0.0,0.0,0.0,midm-mini-2.3.1
T7,D10,L2,0.0,0.0,0.0,midm-mini-2.3.1
T7,D10,L3,0.0,0.0,0.0,midm-mini-2.3.1
T8,D1,L1,0.0,0.0,0.0,midm-mini-2.3.1
T8,D1,L2,0.0,0.0,0.0,midm-mini-2.3.1
T8,D1,L3,0.0,0.0,0.0,midm-mini-2.3.1
T8,D2,L1,0.5,0.36,2.1594375000000003e-05,midm-mini-2.3.1
T8,D2,L2,37.0,27.18249999999999,0.0022951190625000004,midm-mini-2.3.1
T8,D2,L3,39.0,28.6925,0.002544021562500001,midm-mini-2.3.1
T8,D3,L1,0.0,0.0,0.0,midm-mini-2.3.1
T8,D3,L2,3.75,2.75,0.00021671718750000002,midm-mini-2.3.1
T8,D3,L3,2.25,1.5975000000000001,0.00012797812500000002,midm-mini-2.3.1
T8,D4,L1,0.0,0.0,0.0,midm-mini-2.3.1
T8,D4,L2,0.25,0.2,1.50665625e-05,midm-mini-2.3.1
T8,D4,L3,0.3333333333333333,0.3333333333333333,1.247125e-05,midm-mini-2.3.1
T8,D5,L1,0.0,0.0,0.0,midm-mini-2.3.1
T8,D5,L2,6.5,4.945,0.0003797784375000001,midm-mini-2.3.1
T8,D5,L3,6.25,4.48,0.0003584934375000001,midm-mini-2.3.1
T8,D6,L1,0.0,0.0,0.0,midm-mini-2.3.1
T8,D6,L2,3.5,2.655,0.000181520625,midm-mini-2.3.1
T8,D6,L3,4.083333333333334,2.663333333333333,0.0002142971875,midm-mini-2.3.1
T8,D7,L1,0.0,0.0,0.0,midm-mini-2.3.1
T8,D7,L2,2.5,1.515,0.00010638375,midm-mini-2.3.1
T8,D7,L3,5.25,3.9225000000000008,0.000276148125,midm-mini-2.3.1
T8,D8,L1,0.0,0.0,0.0,midm-mini-2.3.1
T8,D8,L2,17.5,11.969999999999999,0.0008556074999999999,midm-mini-2.3.1
T8,D8,L3,32.833333333333336,21.245833333333337,0.0016271303125,midm-mini-2.3.1
T8,D9,L1,4.5,3.23,0.00018156187500000003,midm-mini-2.3.1
T8,D9,L2,24.5,18.222499999999997,0.00114365625,midm-mini-2.3.1
T8,D9,L3,16.5,12.479999999999997,0.0008455425,midm-mini-2.3.1
T8,D10,L1,0.0,0.0,0.0,midm-mini-2.3.1
T8,D10,L2,0.0,0.0,0.0,midm-mini-2.3.1
T8,D10,L3,0.0,0.0,0.0,midm-mini-2.3.1
T9,D1,L1,0.0,0.0,0.0,midm-mini-2.3.1
T9,D1,L2,0.0,0.0,0.0,midm-mini-2.3.1
T9,D1,L3,0.0,0.0,0.0,midm-mini-2.3.1
T9,D2,L1,0.5,0.38,1.4437500000000002e-05,midm-mini-2.3.1
T9,D2,L2,0.0,0.0,0.0,midm-mini-2.3.1
T9,D2,L3,0.0,0.0,0.0,midm-mini-2.3.1
T9,D3,L1,0.0,0.0,0.0,midm-mini-2.3.1
T9,D3,L2,0.0,0.0,0.0,midm-mini-2.3.1
T9,D3,L3,0.0,0.0,0.0,midm-mini-2.3.1
T9,D4,L1,0.0,0.0,0.0,midm-mini-2.3.1
T9,D4,L2,0.0,0.0,0.0,midm-mini-2.3.1
T9,D4,L3,0.0,0.0,0.0,midm-mini-2.3.1
T9,D5,L1,0.0,0.0,0.0,midm-mini-2.3.1
T9,D5,L2,0.0,0.0,0.0,midm-mini-2.3.1
T9,D5,L3,0.0,0.0,0.0,midm-mini-2.3.1
T9,D6,L1,0.0,0.0,0.0,midm-mini-2.3.1
T9,D6,L2,0.0,0.0,0.0,midm-mini-2.3.1
T9,D6,L3,0.0,0.0,0.0,midm-mini-2.3.1
T9,D7,L1,0.0,0.0,0.0,midm-mini-2.3.1
T9,D7,L2,0.0,0.0,0.0,midm-mini-2.3.1
T9,D7,L3,0.0,0.0,0.0,midm-mini-2.3.1
T9,D8,L1,1.5,1.3599999999999999,4.360125e-05,midm-mini-2.3.1
T9,D8,L2,0.0,0.0,0.0,midm-mini-2.3.1
T9,D8,L3,0.0,0.0,0.0,midm-mini-2.3.1
T9,D9,L1,1.0,0.95,2.9370000000000002e-05,midm-mini-2.3.1
T9,D9,L2,0.0,0.0,0.0,midm-mini-2.3.1
T9,D9,L3,0.0,0.0,0.0,midm-mini-2.3.1
T9,D10,L1,0.0,0.0,0.0,midm-mini-2.3.1
T9,D10,L2,0.0,0.0,0.0,midm-mini-2.3.1
T9,D10,L3,0.0,0.0,0.0,midm-mini-2.3.1
T10,D1,L1,0.25,0.2325,6.878437500000001e-06,midm-mini-2.3.1
T10,D1,L2,0.75,0.4,4.005375e-05,midm-mini-2.3.1
T10,D1,L3,0.0,0.0,0.0,midm-mini-2.3.1
T10,D2,L1,22.75,14.8125,0.0011232065625000002,midm-mini-2.3.1
T10,D2,L2,116.41666666666666,76.6891666666667,0.007454978437499999,midm-mini-2.3.1
T10,D2,L3,8.5,4.907500000000001,0.0006042609375000001,midm-mini-2.3.1
T10,D3,L1,0.5,0.295,2.9679375000000004e-05,midm-mini-2.3.1
T10,D3,L2,10.25,6.284999999999999,0.0006937940625,midm-mini-2.3.1
T10,D3,L3,0.25,0.1725,1.8603750000000003e-05,midm-mini-2.3.1
T10,D4,L1,0.0,0.0,0.0,midm-mini-2.3.1
T10,D4,L2,1.25,0.8200000000000001,7.28990625e-05,midm-mini-2.3.1
T10,D4,L3,0.0,0.0,0.0,midm-mini-2.3.1
T10,D5,L1,2.0,1.48,8.792437500000001e-05,midm-mini-2.3.1
T10,D5,L2,15.166666666666668,10.171666666666669,0.0009654459374999999,midm-mini-2.3.1
T10,D5,L3,0.75,0.55,6.06684375e-05,midm-mini-2.3.1
T10,D6,L1,2.0,1.535,0.000111684375,midm-mini-2.3.1
T10,D6,L2,8.166666666666668,5.236666666666668,0.000512098125,midm-mini-2.3.1
T10,D6,L3,0.75,0.495,4.81903125e-05,midm-mini-2.3.1
T10,D7,L1,0.0,0.0,0.0,midm-mini-2.3.1
T10,D7,L2,3.0,1.575,0.00012391500000000002,midm-mini-2.3.1
T10,D7,L3,0.75,0.36750000000000005,3.592875e-05,midm-mini-2.3.1
T10,D8,L1,17.0,8.495,0.0007641975,midm-mini-2.3.1
T10,D8,L2,39.0,20.390000000000004,0.0018614062500000002,midm-mini-2.3.1
T10,D8,L3,4.5,2.1925,0.0002216465625,midm-mini-2.3.1
T10,D9,L1,30.0,19.425,0.00115363875,midm-mini-2.3.1
T10,D9,L2,22.0,14.747499999999997,0.0009413456250000001,midm-mini-2.3.1
T10,D9,L3,0.0,0.0,0.0,midm-mini-2.3.1
T10,D10,L1,0.0,0.0,0.0,midm-mini-2.3.1
T10,D10,L2,0.0,0.0,0.0,midm-mini-2.3.1
T10,D10,L3,0.0,0.0,0.0,midm-mini-2.3.1
T11,D1,L1,0.0,0.0,0.0,midm-mini-2.3.1
T11,D1,L2,0.0,0.0,0.0,midm-mini-2.3.1
T11,D1,L3,0.0,0.0,0.0,midm-mini-2.3.1
T11,D2,L1,0.0,0.0,0.0,midm-mini-2.3.1
T11,D2,L2,0.0,0.0,0.0,midm-mini-2.3.1
T11,D2,L3,0.0,0.0,0.0,midm-mini-2.3.1
T11,D3,L1,0.0,0.0,0.0,midm-mini-2.3.1
T11,D3,L2,0.5,0.25,2.4296250000000003e-05,midm-mini-2.3.1
T11,D3,L3,0.0,0.0,0.0,midm-mini-2.3.1
T11,D4,L1,2.0,2.0,8.971875000000001e-05,midm-mini-2.3.1
T11,D4,L2,0.5,0.095,2.0274375000000002e-05,midm-mini-2.3.1
T11,D4,L3,0.0,0.0,0.0,midm-mini-2.3.1
T11,D5,L1,2.833333333333333,2.623333333333333,0.00013426187500000002,midm-mini-2.3.1
T11,D5,L2,0.5,0.25,2.4296250000000003e-05,midm-mini-2.3.1
T11,D5,L3,0.0,0.0,0.0,midm-mini-2.3.1
T11,D6,L1,0.5,0.45,2.2543125e-05,midm-mini-2.3.1
T11,D6,L2,0.0,0.0,0.0,midm-mini-2.3.1
T11,D6,L3,0.5,0.36,2.2543125000000003e-05,midm-mini-2.3.1
T11,D7,L1,1.0,0.715,4.3498125e-05,midm-mini-2.3.1
T11,D7,L2,2.5,1.3800000000000001,0.00010382625000000001,midm-mini-2.3.1
T11,D7,L3,0.0,0.0,0.0,midm-mini-2.3.1
T11,D8,L1,41.833333333333336,31.258333333333336,0.001971454375,midm-mini-2.3.1
T11,D8,L2,9.5,7.745,0.00045639,midm-mini-2.3.1
T11,D8,L3,5.0,4.1899999999999995,0.00022906125000000003,midm-mini-2.3.1
T11,D9,L1,1.8333333333333333,1.3533333333333333,8.750500000000001e-05,midm-mini-2.3.1
T11,D9,L2,0.0,0.0,0.0,midm-mini-2.3.1
T11,D9,L3,0.5,0.36,2.2543125000000003e-05,midm-mini-2.3.1
T11,D10,L1,0.0,0.0,0.0,midm-mini-2.3.1
T11,D10,L2,0.0,0.0,0.0,midm-mini-2.3.1
T11,D10,L3,0.0,0.0,0.0,midm-mini-2.3.1
T12,D1,L1,0.0,0.0,0.0,midm-mini-2.3.1
T12,D1,L2,0.0,0.0,0.0,midm-mini-2.3.1
T12,D1,L3,0.0,0.0,0.0,midm-mini-2.3.1
T12,D2,L1,1.0,0.82,3.1556250000000005e-05,midm-mini-2.3.1
T12,D2,L2,0.0,0.0,0.0,midm-mini-2.3.1
T12,D2,L3,0.0,0.0,0.0,midm-mini-2.3.1
T12,D3,L1,0.0,0.0,0.0,midm-mini-2.3.1
T12,D3,L2,0.0,0.0,0.0,midm-mini-2.3.1
T12,D3,L3,0.0,0.0,0.0,midm-mini-2.3.1
T12,D4,L1,0.0,0.0,0.0,midm-mini-2.3.1
T12,D4,L2,0.0,0.0,0.0,midm-mini-2.3.1
T12,D4,L3,0.0,0.0,0.0,midm-mini-2.3.1
T12,D5,L1,0.0,0.0,0.0,midm-mini-2.3.1
T12,D5,L2,0.0,0.0,0.0,midm-mini-2.3.1
T12,D5,L3,0.0,0.0,0.0,midm-mini-2.3.1
T12,D6,L1,0.0,0.0,0.0,midm-mini-2.3.1
T12,D6,L2,0.0,0.0,0.0,midm-mini-2.3.1
T12,D6,L3,0.0,0.0,0.0,midm-mini-2.3.1
T12,D7,L1,0.0,0.0,0.0,midm-mini-2.3.1
T12,D7,L2,0.0,0.0,0.0,midm-mini-2.3.1
T12,D7,L3,0.0,0.0,0.0,midm-mini-2.3.1
T12,D8,L1,0.0,0.0,0.0,midm-mini-2.3.1
T12,D8,L2,0.0,0.0,0.0,midm-mini-2.3.1
T12,D8,L3,0.0,0.0,0.0,midm-mini-2.3.1
T12,D9,L1,1.0,0.83,4.277625e-05,midm-mini-2.3.1
T12,D9,L2,0.0,0.0,0.0,midm-mini-2.3.1
T12,D9,L3,0.0,0.0,0.0,midm-mini-2.3.1
T12,D10,L1,2.0,1.3599999999999999,7.528125e-05,midm-mini-2.3.1
T12,D10,L2,0.0,0.0,0.0,midm-mini-2.3.1
T12,D10,L3,0.0,0.0,0.0,midm-mini-2.3.1
T1,D1,L1,0.0,0.0,0.0,llama-3.1-74b-fp16
T1,D1,L2,0.0,0.0,0.0,llama-3.1-74b-fp16
T1,D1,L3,0.0,0.0,0.0,llama-3.1-74b-fp16
T1,D2,L1,0.0,0.0,0.0,llama-3.1-74b-fp16
T1,D2,L2,0.0,0.0,0.0,llama-3.1-74b-fp16
T1,D2,L3,0.0,0.0,0.0,llama-3.1-74b-fp16
T1,D3,L1,0.0,0.0,0.0,llama-3.1-74b-fp16
T1,D3,L2,0.0,0.0,0.0,llama-3.1-74b-fp16
T1,D3,L3,0.0,0.0,0.0,llama-3.1-74b-fp16
T1,D4,L1,0.0,0.0,0.0,llama-3.1-74b-fp16
T1,D4,L2,0.0,0.0,0.0,llama-3.1-74b-fp16
T1,D4,L3,0.0,0.0,0.0,llama-3.1-74b-fp16
T1,D5,L1,0.0,0.0,0.0,llama-3.1-74b-fp16
T1,D5,L2,0.0,0.0,0.0,llama-3.1-74b-fp16
T1,D5,L3,0.0,0.0,0.0,llama-3.1-74b-fp16
T1,D6,L1,0.0,0.0,0.0,llama-3.1-74b-fp16
T1,D6,L2,0.0,0.0,0.0,llama-3.1-74b-fp16
T1,D6,L3,0.0,0.0,0.0,llama-3.1-74b-fp16
T1,D7,L1,0.0,0.0,0.0,llama-3.1-74b-fp16
T1,D7,L2,0.0,0.0,0.0,llama-3.1-74b-fp16
T1,D7,L3,0.0,0.0,0.0,llama-3.1-74b-fp16
T1,D8,L1,0.0,0.0,0.0,llama-3.1-74b-fp16
T1,D8,L2,1.0,0.73,8.481e-05,llama-3.1-74b-fp16
T1,D8,L3,0.0,0.0,0.0,llama-3.1-74b-fp16
T1,D9,L1,0.0,0.0,0.0,llama-3.1-74b-fp16
T1,D9,L2,0.5,0.43,7.58175e-05,llama-3.1-74b-fp16
T1,D9,L3,0.0,0.0,0.0,llama-3.1-74b-fp16
T1,D10,L1,0.0,0.0,0.0,llama-3.1-74b-fp16
T1,D10,L2,0.0,0.0,0.0,llama-3.1-74b-fp16
T1,D10,L3,0.0,0.0,0.0,llama-3.1-74b-fp16
T2,D1,L1,0.0,0.0,0.0,llama-3.1-74b-fp16
T2,D1,L2,0.0,0.0,0.0,llama-3.1-74b-fp16
T2,D1,L3,0.0,0.0,0.0,llama-3.1-74b-fp16
T2,D2,L1,0.0,0.0,0.0,llama-3.1-74b-fp16
T2,D2,L2,9.5,6.975,0.0008304450000000002,llama-3.1-74b-fp16
T2,D2,L3,0.0,0.0,0.0,llama-3.1-74b-fp16
T2,D3,L1,0.0,0.0,0.0,llama-3.1-74b-fp16
T2,D3,L2,0.0,0.0,0.0,llama-3.1-74b-fp16
T2,D3,L3,0.0,0.0,0.0,llama-3.1-74b-fp16
T2,D4,L1,0.0,0.0,0.0,llama-3.1-74b-fp16
T2,D4,L2,0.0,0.0,0.0,llama-3.1-74b-fp16
T2,D4,L3,0.0,0.0,0.0,llama-3.1-74b-fp16
T2,D5,L1,0.0,0.0,0.0,llama-3.1-74b-fp16
T2,D5,L2,0.0,0.0,0.0,llama-3.1-74b-fp16
T2,D5,L3,0.0,0.0,0.0,llama-3.1-74b-fp16
T2,D6,L1,0.0,0.0,0.0,llama-3.1-74b-fp16
T2,D6,L2,0.0,0.0,0.0,llama-3.1-74b-fp16
T2,D6,L3,0.0,0.0,0.0,llama-3.1-74b-fp16
T2,D7,L1,0.5,0.385,2.792625e-05,llama-3.1-74b-fp16
T2,D7,L2,1.5,1.21,0.00010531125000000001,llama-3.1-74b-fp16
T2,D7,L3,0.0,0.0,0.0,llama-3.1-74b-fp16
T2,D8,L1,1.5,1.095,0.00011776875000000001,llama-3.1-74b-fp16
T2,D8,L2,12.0,9.245000000000003,0.0009797287500000003,llama-3.1-74b-fp16
T2,D8,L3,0.0,0.0,0.0,llama-3.1-74b-fp16
T2,D9,L1,0.0,0.0,0.0,llama-3.1-74b-fp16
T2,D9,L2,4.0,3.3499999999999996,0.0002975775,llama-3.1-74b-fp16
T2,D9,L3,0.0,0.0,0.0,llama-3.1-74b-fp16
T2,D10,L1,0.0,0.0,0.0,llama-3.1-74b-fp16
T2,D10,L2,0.0,0.0,0.0,llama-3.1-74b-fp16
T2,D10,L3,0.0,0.0,0.0,llama-3.1-74b-fp16
T3,D1,L1,12.083333333333332,11.615,0.0009637099999999999,llama-3.1-74b-fp16
T3,D1,L2,18.583333333333332,16.49,0.002027348125,llama-3.1-74b-fp16
T3,D1,L3,0.3333333333333333,0.29333333333333333,3.575e-05,llama-3.1-74b-fp16
T3,D2,L1,13.583333333333332,12.725000000000001,0.0011419925,llama-3.1-74b-fp16
T3,D2,L2,22.083333333333332,19.095000000000002,0.002330288125,llama-3.1-74b-fp16
T3,D2,L3,0.3333333333333333,0.29333333333333333,3.575e-05,llama-3.1-74b-fp16
T3,D3,L1,0.0,0.0,0.0,llama-3.1-74b-fp16
T3,D3,L2,0.0,0.0,0.0,llama-3.1-74b-fp16
T3,D3,L3,0.0,0.0,0.0,llama-3.1-74b-fp16
T3,D4,L1,0.0,0.0,0.0,llama-3.1-74b-fp16
T3,D4,L2,0.5,0.38,2.00475e-05,llama-3.1-74b-fp16
T3,D4,L3,0.0,0.0,0.0,llama-3.1-74b-fp16
T3,D5,L1,0.0,0.0,0.0,llama-3.1-74b-fp16
T3,D5,L2,0.0,0.0,0.0,llama-3.1-74b-fp16
T3,D5,L3,0.0,0.0,0.0,llama-3.1-74b-fp16
T3,D6,L1,0.0,0.0,0.0,llama-3.1-74b-fp16
T3,D6,L2,0.0,0.0,0.0,llama-3.1-74b-fp16
T3,D6,L3,0.0,0.0,0.0,llama-3.1-74b-fp16
T3,D7,L1,0.0,0.0,0.0,llama-3.1-74b-fp16
T3,D7,L2,0.0,0.0,0.0,llama-3.1-74b-fp16
T3,D7,L3,0.0,0.0,0.0,llama-3.1-74b-fp16
T3,D8,L1,0.0,0.0,0.0,llama-3.1-74b-fp16
T3,D8,L2,1.0,0.7,7.334250000000001e-05,llama-3.1-74b-fp16
T3,D8,L3,0.3333333333333333,0.29333333333333333,3.575e-05,llama-3.1-74b-fp16
T3,D9,L1,0.8333333333333333,0.78,5.2126250000000006e-05,llama-3.1-74b-fp16
T3,D9,L2,0.3333333333333333,0.26,6.6385e-05,llama-3.1-74b-fp16
T3,D9,L3,0.0,0.0,0.0,llama-3.1-74b-fp16
T3,D10,L1,0.0,0.0,0.0,llama-3.1-74b-fp16
T3,D10,L2,0.0,0.0,0.0,llama-3.1-74b-fp16
T3,D10,L3,0.0,0.0,0.0,llama-3.1-74b-fp16
T4,D1,L1,0.0,0.0,0.0,llama-3.1-74b-fp16
T4,D1,L2,0.0,0.0,0.0,llama-3.1-74b-fp16
T4,D1,L3,0.0,0.0,0.0,llama-3.1-74b-fp16
T4,D2,L1,0.0,0.0,0.0,llama-3.1-74b-fp16
T4,D2,L2,0.0,0.0,0.0,llama-3.1-74b-fp16
T4,D2,L3,0.0,0.0,0.0,llama-3.1-74b-fp16
T4,D3,L1,0.0,0.0,0.0,llama-3.1-74b-fp16
T4,D3,L2,0.0,0.0,0.0,llama-3.1-74b-fp16
T4,D3,L3,0.0,0.0,0.0,llama-3.1-74b-fp16
T4,D4,L1,0.0,0.0,0.0,llama-3.1-74b-fp16
T4,D4,L2,0.0,0.0,0.0,llama-3.1-74b-fp16
T4,D4,L3,0.0,0.0,0.0,llama-3.1-74b-fp16
T4,D5,L1,0.0,0.0,0.0,llama-3.1-74b-fp16
T4,D5,L2,0.0,0.0,0.0,llama-3.1-74b-fp16
T4,D5,L3,0.0,0.0,0.0,llama-3.1-74b-fp16
T4,D6,L1,0.0,0.0,0.0,llama-3.1-74b-fp16
T4,D6,L2,0.0,0.0,0.0,llama-3.1-74b-fp16
T4,D6,L3,0.0,0.0,0.0,llama-3.1-74b-fp16
T4,D7,L1,0.0,0.0,0.0,llama-3.1-74b-fp16
T4,D7,L2,0.0,0.0,0.0,llama-3.1-74b-fp16
T4,D7,L3,0.0,0.0,0.0,llama-3.1-74b-fp16
T4,D8,L1,0.0,0.0,0.0,llama-3.1-74b-fp16
T4,D8,L2,0.0,0.0,0.0,llama-3.1-74b-fp16
T4,D8,L3,0.0,0.0,0.0,llama-3.1-74b-fp16
T4,D9,L1,0.0,0.0,0.0,llama-3.1-74b-fp16
T4,D9,L2,0.0,0.0,0.0,llama-3.1-74b-fp16
T4,D9,L3,0.0,0.0,0.0,llama-3.1-74b-fp16
T4,D10,L1,0.0,0.0,0.0,llama-3.1-74b-fp16
T4,D10,L2,0.0,0.0,0.0,llama-3.1-74b-fp16
T4,D10,L3,0.0,0.0,0.0,llama-3.1-74b-fp16
T5,D1,L1,0.0,0.0,0.0,llama-3.1-74b-fp16
T5,D1,L2,0.0,0.0,0.0,llama-3.1-74b-fp16
T5,D1,L3,0.0,0.0,0.0,llama-3.1-74b-fp16
T5,D2,L1,0.0,0.0,0.0,llama-3.1-74b-fp16
T5,D2,L2,0.0,0.0,0.0,llama-3.1-74b-fp16
T5,D2,L3,0.0,0.0,0.0,llama-3.1-74b-fp16
T5,D3,L1,0.0,0.0,0.0,llama-3.1-74b-fp16
T5,D3,L2,0.0,0.0,0.0,llama-3.1-74b-fp16
T5,D3,L3,0.0,0.0,0.0,llama-3.1-74b-fp16
T5,D4,L1,0.0,0.0,0.0,llama-3.1-74b-fp16
T5,D4,L2,0.0,0.0,0.0,llama-3.1-74b-fp16
T5,D4,L3,0.0,0.0,0.0,llama-3.1-74b-fp16
T5,D5,L1,1.0,0.4,3.201e-05,llama-3.1-74b-fp16
T5,D5,L2,0.0,0.0,0.0,llama-3.1-74b-fp16
T5,D5,L3,0.0,0.0,0.0,llama-3.1-74b-fp16
T5,D6,L1,0.0,0.0,0.0,llama-3.1-74b-fp16
T5,D6,L2,0.0,0.0,0.0,llama-3.1-74b-fp16
T5,D6,L3,0.0,0.0,0.0,llama-3.1-74b-fp16
T5,D7,L1,0.0,0.0,0.0,llama-3.1-74b-fp16
T5,D7,L2,0.0,0.0,0.0,llama-3.1-74b-fp16
T5,D7,L3,0.0,0.0,0.0,llama-3.1-74b-fp16
T5,D8,L1,0.0,0.0,0.0,llama-3.1-74b-fp16
T5,D8,L2,0.0,0.0,0.0,llama-3.1-74b-fp16
T5,D8,L3,0.0,0.0,0.0,llama-3.1-74b-fp16
T5,D9,L1,0.0,0.0,0.0,llama-3.1-74b-fp16
T5,D9,L2,0.0,0.0,0.0,llama-3.1-74b-fp16
T5,D9,L3,0.0,0.0,0.0,llama-3.1-74b-fp16
T5,D10,L1,0.0,0.0,0.0,llama-3.1-74b-fp16
T5,D10,L2,0.0,0.0,0.0,llama-3.1-74b-fp16
T5,D10,L3,0.0,0.0,0.0,llama-3.1-74b-fp16
T6,D1,L1,0.0,0.0,0.0,llama-3.1-74b-fp16
T6,D1,L2,0.0,0.0,0.0,llama-3.1-74b-fp16
T6,D1,L3,0.0,0.0,0.0,llama-3.1-74b-fp16
T6,D2,L1,0.0,0.0,0.0,llama-3.1-74b-fp16
T6,D2,L2,0.0,0.0,0.0,llama-3.1-74b-fp16
T6,D2,L3,0.0,0.0,0.0,llama-3.1-74b-fp16
T6,D3,L1,0.0,0.0,0.0,llama-3.1-74b-fp16
T6,D3,L2,0.0,0.0,0.0,llama-3.1-74b-fp16
T6,D3,L3,0.0,0.0,0.0,llama-3.1-74b-fp16
T6,D4,L1,0.0,0.0,0.0,llama-3.1-74b-fp16
T6,D4,L2,0.0,0.0,0.0,llama-3.1-74b-fp16
T6,D4,L3,0.0,0.0,0.0,llama-3.1-74b-fp16
T6,D5,L1,0.0,0.0,0.0,llama-3.1-74b-fp16
T6,D5,L2,0.0,0.0,0.0,llama-3.1-74b-fp16
T6,D5,L3,0.0,0.0,0.0,llama-3.1-74b-fp16
T6,D6,L1,0.0,0.0,0.0,llama-3.1-74b-fp16
T6,D6,L2,0.0,0.0,0.0,llama-3.1-74b-fp16
T6,D6,L3,0.0,0.0,0.0,llama-3.1-74b-fp16
T6,D7,L1,0.0,0.0,0.0,llama-3.1-74b-fp16
T6,D7,L2,0.0,0.0,0.0,llama-3.1-74b-fp16
T6,D7,L3,0.0,0.0,0.0,llama-3.1-74b-fp16
T6,D8,L1,0.0,0.0,0.0,llama-3.1-74b-fp16
T6,D8,L2,0.0,0.0,0.0,llama-3.1-74b-fp16
T6,D8,L3,0.0,0.0,0.0,llama-3.1-74b-fp16
T6,D9,L1,0.0,0.0,0.0,llama-3.1-74b-fp16
T6,D9,L2,0.0,0.0,0.0,llama-3.1-74b-fp16
T6,D9,L3,0.0,0.0,0.0,llama-3.1-74b-fp16
T6,D10,L1,0.0,0.0,0.0,llama-3.1-74b-fp16
T6,D10,L2,0.0,0.0,0.0,llama-3.1-74b-fp16
T6,D10,L3,0.0,0.0,0.0,llama-3.1-74b-fp16
T7,D1,L1,0.0,0.0,0.0,llama-3.1-74b-fp16
T7,D1,L2,0.0,0.0,0.0,llama-3.1-74b-fp16
T7,D1,L3,0.0,0.0,0.0,llama-3.1-74b-fp16
T7,D2,L1,0.0,0.0,0.0,llama-3.1-74b-fp16
T7,D2,L2,0.0,0.0,0.0,llama-3.1-74b-fp16
T7,D2,L3,0.0,0.0,0.0,llama-3.1-74b-fp16
T7,D3,L1,0.0,0.0,0.0,llama-3.1-74b-fp16
T7,D3,L2,0.0,0.0,0.0,llama-3.1-74b-fp16
T7,D3,L3,0.5,0.34,3.411375e-05,llama-3.1-74b-fp16
T7,D4,L1,0.0,0.0,0.0,llama-3.1-74b-fp16
T7,D4,L2,0.0,0.0,0.0,llama-3.1-74b-fp16
T7,D4,L3,0.0,0.0,0.0,llama-3.1-74b-fp16
T7,D5,L1,0.0,0.0,0.0,llama-3.1-74b-fp16
T7,D5,L2,0.0,0.0,0.0,llama-3.1-74b-fp16
T7,D5,L3,0.0,0.0,0.0,llama-3.1-74b-fp16
T7,D6,L1,0.0,0.0,0.0,llama-3.1-74b-fp16
T7,D6,L2,0.0,0.0,0.0,llama-3.1-74b-fp16
T7,D6,L3,0.0,0.0,0.0,llama-3.1-74b-fp16
T7,D7,L1,0.0,0.0,0.0,llama-3.1-74b-fp16
T7,D7,L2,0.0,0.0,0.0,llama-3.1-74b-fp16
T7,D7,L3,0.0,0.0,0.0,llama-3.1-74b-fp16
T7,D8,L1,0.0,0.0,0.0,llama-3.1-74b-fp16
T7,D8,L2,1.0,0.44,7.1775e-05,llama-3.1-74b-fp16
T7,D8,L3,0.5,0.34,3.411375e-05,llama-3.1-74b-fp16
T7,D9,L1,2.0,1.2999999999999998,0.00015411,llama-3.1-74b-fp16
T7,D9,L2,0.0,0.0,0.0,llama-3.1-74b-fp16
T7,D9,L3,0.0,0.0,0.0,llama-3.1-74b-fp16
T7,D10,L1,0.0,0.0,0.0,llama-3.1-74b-fp16
T7,D10,L2,0.0,0.0,0.0,llama-3.1-74b-fp16
T7,D10,L3,0.0,0.0,0.0,llama-3.1-74b-fp16
T8,D1,L1,0.0,0.0,0.0,llama-3.1-74b-fp16
T8,D1,L2,0.0,0.0,0.0,llama-3.1-74b-fp16
T8,D1,L3,0.0,0.0,0.0,llama-3.1-74b-fp16
T8,D2,L1,0.5,0.455,6.092625e-05,llama-3.1-74b-fp16
T8,D2,L2,37.0,29.479999999999997,0.0054876731249999975,llama-3.1-74b-fp16
T8,D2,L3,39.0,30.6575,0.005843021250000002,llama-3.1-74b-fp16
T8,D3,L1,0.0,0.0,0.0,llama-3.1-74b-fp16
T8,D3,L2,3.75,3.025,0.000515934375,llama-3.1-74b-fp16
T8,D3,L3,2.25,1.9674999999999998,0.000305435625,llama-3.1-74b-fp16
T8,D4,L1,0.0,0.0,0.0,llama-3.1-74b-fp16
T8,D4,L2,0.25,0.2425,2.6214375000000003e-05,llama-3.1-74b-fp16
T8,D4,L3,0.3333333333333333,0.20666666666666667,1.82325e-05,llama-3.1-74b-fp16
T8,D5,L1,0.0,0.0,0.0,llama-3.1-74b-fp16
T8,D5,L2,6.5,5.134999999999999,0.0006976612500000001,llama-3.1-74b-fp16
T8,D5,L3,6.25,4.540000000000001,0.0007652493749999999,llama-3.1-74b-fp16
T8,D6,L1,0.0,0.0,0.0,llama-3.1-74b-fp16
T8,D6,L2,3.5,2.9275,0.00045663750000000003,llama-3.1-74b-fp16
T8,D6,L3,4.083333333333334,3.0441666666666665,0.000368919375,llama-3.1-74b-fp16
T8,D7,L1,0.0,0.0,0.0,llama-3.1-74b-fp16
T8,D7,L2,2.5,1.9100000000000001,0.0001634325,llama-3.1-74b-fp16
T8,D7,L3,5.25,3.8825000000000003,0.000476705625,llama-3.1-74b-fp16
T8,D8,L1,0.0,0.0,0.0,llama-3.1-74b-fp16
T8,D8,L2,17.5,13.250000000000002,0.0014629725,llama-3.1-74b-fp16
T8,D8,L3,32.833333333333336,22.13166666666666,0.0027933675,llama-3.1-74b-fp16
T8,D9,L1,4.5,3.815,0.00051253125,llama-3.1-74b-fp16
T8,D9,L2,24.5,20.870000000000005,0.0033005981250000004,llama-3.1-74b-fp16
T8,D9,L3,16.5,13.740000000000002,0.00247434,llama-3.1-74b-fp16
T8,D10,L1,0.0,0.0,0.0,llama-3.1-74b-fp16
T8,D10,L2,0.0,0.0,0.0,llama-3.1-74b-fp16
T8,D10,L3,0.0,0.0,0.0,llama-3.1-74b-fp16
T9,D1,L1,0.0,0.0,0.0,llama-3.1-74b-fp16
T9,D1,L2,0.0,0.0,0.0,llama-3.1-74b-fp16
T9,D1,L3,0.0,0.0,0.0,llama-3.1-74b-fp16
T9,D2,L1,0.5,0.35,5.989500000000001e-05,llama-3.1-74b-fp16
T9,D2,L2,0.0,0.0,0.0,llama-3.1-74b-fp16
T9,D2,L3,0.0,0.0,0.0,llama-3.1-74b-fp16
T9,D3,L1,0.0,0.0,0.0,llama-3.1-74b-fp16
T9,D3,L2,0.0,0.0,0.0,llama-3.1-74b-fp16
T9,D3,L3,0.0,0.0,0.0,llama-3.1-74b-fp16
T9,D4,L1,0.0,0.0,0.0,llama-3.1-74b-fp16
T9,D4,L2,0.0,0.0,0.0,llama-3.1-74b-fp16
T9,D4,L3,0.0,0.0,0.0,llama-3.1-74b-fp16
T9,D5,L1,0.0,0.0,0.0,llama-3.1-74b-fp16
T9,D5,L2,0.0,0.0,0.0,llama-3.1-74b-fp16
T9,D5,L3,0.0,0.0,0.0,llama-3.1-74b-fp16
T9,D6,L1,0.0,0.0,0.0,llama-3.1-74b-fp16
T9,D6,L2,0.0,0.0,0.0,llama-3.1-74b-fp16
T9,D6,L3,0.0,0.0,0.0,llama-3.1-74b-fp16
T9,D7,L1,0.0,0.0,0.0,llama-3.1-74b-fp16
T9,D7,L2,0.0,0.0,0.0,llama-3.1-74b-fp16
T9,D7,L3,0.0,0.0,0.0,llama-3.1-74b-fp16
T9,D8,L1,1.5,1.13,0.0001634325,llama-3.1-74b-fp16
T9,D8,L2,0.0,0.0,0.0,llama-3.1-74b-fp16
T9,D8,L3,0.0,0.0,0.0,llama-3.1-74b-fp16
T9,D9,L1,1.0,0.95,2.178e-05,llama-3.1-74b-fp16
T9,D9,L2,0.0,0.0,0.0,llama-3.1-74b-fp16
T9,D9,L3,0.0,0.0,0.0,llama-3.1-74b-fp16
T9,D10,L1,0.0,0.0,0.0,llama-3.1-74b-fp16
T9,D10,L2,0.0,0.0,0.0,llama-3.1-74b-fp16
T9,D10,L3,0.0,0.0,0.0,llama-3.1-74b-fp16
T10,D1,L1,0.25,0.245,7.1775e-06,llama-3.1-74b-fp16
T10,D1,L2,0.75,0.305,7.4188125e-05,llama-3.1-74b-fp16
T10,D1,L3,0.0,0.0,0.0,llama-3.1-74b-fp16
T10,D2,L1,22.75,14.69,0.0019972425,llama-3.1-74b-fp16
T10,D2,L2,116.41666666666666,75.22499999999997,0.014505328749999997,llama-3.1-74b-fp16
T10,D2,L3,8.5,5.0874999999999995,0.0011453474999999999,llama-3.1-74b-fp16
T10,D3,L1,0.5,0.26,4.364250000000001e-05,llama-3.1-74b-fp16
T10,D3,L2,10.25,5.930000000000001,0.001368860625,llama-3.1-74b-fp16
T10,D3,L3,0.25,0.2125,3.4670625e-05,llama-3.1-74b-fp16
T10,D4,L1,0.0,0.0,0.0,llama-3.1-74b-fp16
T10,D4,L2,1.25,0.6525000000000001,0.000140435625,llama-3.1-74b-fp16
T10,D4,L3,0.0,0.0,0.0,llama-3.1-74b-fp16
T10,D5,L1,2.0,1.585,0.00015530625,llama-3.1-74b-fp16
T10,D5,L2,15.166666666666668,9.544999999999998,0.00187396,llama-3.1-74b-fp16
T10,D5,L3,0.75,0.55,0.00012896812500000002,llama-3.1-74b-fp16
T10,D6,L1,2.0,1.535,0.00020550750000000002,llama-3.1-74b-fp16
T10,D6,L2,8.166666666666668,5.3775,0.00099950125,llama-3.1-74b-fp16
T10,D6,L3,0.75,0.40750000000000003,8.326312500000001e-05,llama-3.1-74b-fp16
T10,D7,L1,0.0,0.0,0.0,llama-3.1-74b-fp16
T10,D7,L2,3.0,2.1,0.00031614,llama-3.1-74b-fp16
T10,D7,L3,0.75,0.36250000000000004,6.6061875e-05,llama-3.1-74b-fp16
T10,D8,L1,17.0,9.495,0.0011834212500000001,llama-3.1-74b-fp16
T10,D8,L2,39.0,20.849999999999998,0.0030085275000000006,llama-3.1-74b-fp16
T10,D8,L3,4.5,2.1,0.00037620000000000004,llama-3.1-74b-fp16
T10,D9,L1,32.0,22.34,0.00270595875,llama-3.1-74b-fp16
T10,D9,L2,23.0,15.640000000000002,0.0025448981250000002,llama-3.1-74b-fp16
T10,D9,L3,0.0,0.0,0.0,llama-3.1-74b-fp16
T10,D10,L1,0.0,0.0,0.0,llama-3.1-74b-fp16
T10,D10,L2,0.0,0.0,0.0,llama-3.1-74b-fp16
T10,D10,L3,0.0,0.0,0.0,llama-3.1-74b-fp16
T11,D1,L1,0.0,0.0,0.0,llama-3.1-74b-fp16
T11,D1,L2,0.0,0.0,0.0,llama-3.1-74b-fp16
T11,D1,L3,0.0,0.0,0.0,llama-3.1-74b-fp16
T11,D2,L1,0.0,0.0,0.0,llama-3.1-74b-fp16
T11,D2,L2,0.0,0.0,0.0,llama-3.1-74b-fp16
T11,D2,L3,0.0,0.0,0.0,llama-3.1-74b-fp16
T11,D3,L1,0.0,0.0,0.0,llama-3.1-74b-fp16
T11,D3,L2,0.5,0.5,4.224e-05,llama-3.1-74b-fp16
T11,D3,L3,0.0,0.0,0.0,llama-3.1-74b-fp16
T11,D4,L1,2.0,2.0,0.0001464375,llama-3.1-74b-fp16
T11,D4,L2,0.5,0.11,2.805e-05,llama-3.1-74b-fp16
T11,D4,L3,0.0,0.0,0.0,llama-3.1-74b-fp16
T11,D5,L1,2.833333333333333,2.67,0.000221595,llama-3.1-74b-fp16
T11,D5,L2,0.5,0.5,4.224e-05,llama-3.1-74b-fp16
T11,D5,L3,0.0,0.0,0.0,llama-3.1-74b-fp16
T11,D6,L1,0.5,0.5,3.22575e-05,llama-3.1-74b-fp16
T11,D6,L2,0.0,0.0,0.0,llama-3.1-74b-fp16
T11,D6,L3,0.5,0.38,4.178625e-05,llama-3.1-74b-fp16
T11,D7,L1,1.0,0.63,7.156875e-05,llama-3.1-74b-fp16
T11,D7,L2,2.5,0.96,0.00019102875,llama-3.1-74b-fp16
T11,D7,L3,0.0,0.0,0.0,llama-3.1-74b-fp16
T11,D8,L1,41.833333333333336,33.74999999999999,0.00321110625,llama-3.1-74b-fp16
T11,D8,L2,9.5,7.51,0.0006951037500000001,llama-3.1-74b-fp16
T11,D8,L3,5.0,3.9699999999999998,0.0003965775,llama-3.1-74b-fp16
T11,D9,L1,1.8333333333333333,1.63,0.0001558425,llama-3.1-74b-fp16
T11,D9,L2,0.0,0.0,0.0,llama-3.1-74b-fp16
T11,D9,L3,0.5,0.38,4.178625e-05,llama-3.1-74b-fp16
T11,D10,L1,0.0,0.0,0.0,llama-3.1-74b-fp16
T11,D10,L2,0.0,0.0,0.0,llama-3.1-74b-fp16
T11,D10,L3,0.0,0.0,0.0,llama-3.1-74b-fp16
T12,D1,L1,0.0,0.0,0.0,llama-3.1-74b-fp16
T12,D1,L2,0.0,0.0,0.0,llama-3.1-74b-fp16
T12,D1,L3,0.0,0.0,0.0,llama-3.1-74b-fp16
T12,D2,L1,1.0,0.83,0.00012936,llama-3.1-74b-fp16
T12,D2,L2,0.0,0.0,0.0,llama-3.1-74b-fp16
T12,D2,L3,0.0,0.0,0.0,llama-3.1-74b-fp16
T12,D3,L1,0.0,0.0,0.0,llama-3.1-74b-fp16
T12,D3,L2,0.0,0.0,0.0,llama-3.1-74b-fp16
T12,D3,L3,0.0,0.0,0.0,llama-3.1-74b-fp16
T12,D4,L1,0.0,0.0,0.0,llama-3.1-74b-fp16
T12,D4,L2,0.0,0.0,0.0,llama-3.1-74b-fp16
T12,D4,L3,0.0,0.0,0.0,llama-3.1-74b-fp16
T12,D5,L1,0.0,0.0,0.0,llama-3.1-74b-fp16
T12,D5,L2,0.0,0.0,0.0,llama-3.1-74b-fp16
T12,D5,L3,0.0,0.0,0.0,llama-3.1-74b-fp16
T12,D6,L1,0.0,0.0,0.0,llama-3.1-74b-fp16
T12,D6,L2,0.0,0.0,0.0,llama-3.1-74b-fp16
T12,D6,L3,0.0,0.0,0.0,llama-3.1-74b-fp16
T12,D7,L1,0.0,0.0,0.0,llama-3.1-74b-fp16
T12,D7,L2,0.0,0.0,0.0,llama-3.1-74b-fp16
T12,D7,L3,0.0,0.0,0.0,llama-3.1-74b-fp16
T12,D8,L1,0.0,0.0,0.0,llama-3.1-74b-fp16
T12,D8,L2,0.0,0.0,0.0,llama-3.1-74b-fp16
T12,D8,L3,0.0,0.0,0.0,llama-3.1-74b-fp16
T12,D9,L1,1.0,0.75,9.11625e-05,llama-3.1-74b-fp16
T12,D9,L2,0.0,0.0,0.0,llama-3.1-74b-fp16
T12,D9,L3,0.0,0.0,0.0,llama-3.1-74b-fp16
T12,D10,L1,2.0,0.8999999999999999,3.366e-05,llama-3.1-74b-fp16
T12,D10,L2,0.0,0.0,0.0,llama-3.1-74b-fp16
T12,D10,L3,0.0,0.0,0.0,llama-3.1-74b-fp16
